id,Starttime,duration_hours,user_id,status
1,2022-02-04,3,484,Executed
2,2022-08-24,6,146,Scheduled
3,2020-06-01,7,406,Cancelled
4,2020-08-08,6,458,Scheduled
5,2021-09-20,7,290,Scheduled
6,2022-09-23,3,353,Cancelled
7,2021-11-03,4,409,Scheduled
8,2020-12-25,3,24,Executed
9,2020-02-25,5,276,Scheduled
10,2021-03-06,2,459,Executed
11,2021-07-30,5,165,Scheduled
12,2022-11-12,2,372,Scheduled
13,2020-05-26,2,67,Cancelled
14,2020-08-14,3,460,Cancelled
15,2021-02-02,4,20,Scheduled
16,2021-05-08,4,76,Executed
17,2022-09-10,3,35,Executed
18,2020-07-17,5,439,Executed
19,2021-07-24,3,178,Cancelled
20,2020-07-29,5,181,Scheduled
21,2020-05-16,1,91,Executed
22,2022-07-14,7,256,Cancelled
23,2021-04-19,6,186,Scheduled
24,2021-06-21,3,178,Scheduled
25,2021-01-29,1,76,Executed
26,2020-05-18,4,80,Cancelled
27,2020-09-26,2,383,Scheduled
28,2022-06-17,3,338,Scheduled
29,2022-10-06,4,244,Executed
30,2020-09-16,6,387,Cancelled
31,2021-10-25,6,117,Executed
32,2020-02-27,5,98,Executed
33,2022-07-29,6,324,Cancelled
34,2022-08-13,5,454,Cancelled
35,2021-03-24,4,362,Executed
36,2021-01-06,6,190,Executed
37,2020-10-20,3,431,Executed
38,2020-03-20,3,144,Cancelled
39,2022-10-18,7,173,Cancelled
40,2022-03-30,4,405,Scheduled
41,2022-02-09,5,86,Executed
42,2022-05-09,3,470,Scheduled
43,2021-11-12,3,297,Scheduled
44,2021-03-22,4,149,Cancelled
45,2020-04-15,2,444,Executed
46,2022-06-27,1,464,Cancelled
47,2020-09-19,4,95,Scheduled
48,2022-11-09,3,429,Cancelled
49,2020-03-09,6,352,Scheduled
50,2022-06-19,2,348,Cancelled
51,2021-07-28,4,331,Scheduled
52,2020-02-28,1,474,Cancelled
53,2022-02-21,3,197,Cancelled
54,2022-08-16,6,349,Cancelled
55,2021-11-25,2,256,Executed
56,2020-06-04,2,417,Cancelled
57,2021-07-12,3,100,Scheduled
58,2022-04-10,7,217,Cancelled
59,2021-06-15,6,353,Cancelled
60,2020-05-03,2,369,Cancelled
61,2020-05-02,6,363,Executed
62,2021-01-12,1,160,Scheduled
63,2021-03-03,4,8,Scheduled
64,2021-09-06,2,158,Scheduled
65,2020-08-03,6,188,Executed
66,2022-06-21,2,393,Scheduled
67,2022-09-04,3,330,Scheduled
68,2022-09-15,2,235,Scheduled
69,2021-06-23,2,89,Scheduled
70,2022-01-11,1,424,Executed
71,2022-07-13,2,305,Cancelled
72,2020-11-29,5,467,Executed
73,2020-02-26,4,69,Executed
74,2022-12-01,6,9,Cancelled
75,2021-06-07,6,425,Scheduled
76,2020-12-11,3,16,Executed
77,2021-03-20,2,40,Cancelled
78,2022-05-12,7,361,Scheduled
79,2021-09-15,4,426,Scheduled
80,2022-07-20,6,47,Executed
81,2022-02-13,7,161,Cancelled
82,2020-04-23,2,301,Scheduled
83,2022-06-17,5,302,Executed
84,2020-04-15,2,232,Scheduled
85,2020-09-26,4,216,Cancelled
86,2021-09-22,6,22,Executed
87,2021-12-10,4,225,Cancelled
88,2022-04-05,5,367,Scheduled
89,2022-01-12,5,358,Scheduled
90,2020-11-16,2,455,Executed
91,2022-10-08,7,98,Executed
92,2020-09-11,5,402,Scheduled
93,2021-12-05,4,50,Cancelled
94,2020-06-19,6,8,Cancelled
95,2020-05-02,4,482,Scheduled
96,2020-02-28,5,334,Cancelled
97,2020-04-30,4,255,Cancelled
98,2022-07-27,6,94,Scheduled
99,2022-09-15,5,200,Scheduled
100,2022-01-10,4,178,Executed
101,2020-02-16,1,453,Executed
102,2020-04-19,4,372,Executed
103,2021-03-13,5,48,Cancelled
104,2020-04-04,6,135,Scheduled
105,2021-11-15,4,338,Executed
106,2022-09-20,2,53,Executed
107,2021-03-02,1,75,Scheduled
108,2021-07-05,5,159,Cancelled
109,2020-12-17,1,95,Executed
110,2021-11-15,4,469,Executed
111,2020-09-28,5,81,Scheduled
112,2022-04-29,4,285,Cancelled
113,2021-03-03,6,454,Cancelled
114,2022-03-08,3,249,Executed
115,2020-11-20,6,35,Executed
116,2020-08-17,2,455,Scheduled
117,2020-03-20,7,317,Scheduled
118,2022-09-15,5,91,Cancelled
119,2021-01-30,6,335,Executed
120,2021-05-28,6,12,Scheduled
121,2022-10-21,7,55,Scheduled
122,2021-09-19,6,79,Scheduled
123,2022-02-01,3,430,Scheduled
124,2021-05-07,5,206,Cancelled
125,2021-10-05,5,226,Executed
126,2021-06-23,2,375,Cancelled
127,2021-05-07,5,45,Executed
128,2021-04-07,7,245,Cancelled
129,2022-07-16,6,298,Executed
130,2021-07-28,3,377,Scheduled
131,2021-06-12,6,408,Scheduled
132,2020-04-06,5,396,Cancelled
133,2021-12-29,2,111,Executed
134,2021-04-02,5,110,Cancelled
135,2021-01-11,3,117,Scheduled
136,2021-09-13,3,112,Cancelled
137,2022-07-10,2,228,Executed
138,2021-11-19,4,124,Cancelled
139,2020-12-16,2,481,Executed
140,2021-03-01,1,404,Cancelled
141,2022-04-04,6,473,Scheduled
142,2020-08-27,4,169,Executed
143,2022-07-10,2,422,Scheduled
144,2022-12-09,5,443,Scheduled
145,2022-05-15,2,391,Executed
146,2020-09-25,5,188,Executed
147,2021-06-21,5,283,Cancelled
148,2020-08-05,5,381,Scheduled
149,2020-05-01,5,86,Scheduled
150,2022-11-22,7,425,Cancelled
151,2022-07-29,5,141,Cancelled
152,2022-06-05,7,446,Executed
153,2020-03-09,5,334,Executed
154,2020-12-30,5,43,Executed
155,2022-04-12,2,24,Executed
156,2022-09-30,3,154,Cancelled
157,2021-11-25,2,101,Scheduled
158,2022-07-04,7,144,Executed
159,2022-10-19,1,227,Executed
160,2021-12-11,3,301,Scheduled
161,2021-05-22,5,115,Cancelled
162,2022-11-02,5,487,Executed
163,2022-02-20,5,247,Scheduled
164,2020-12-22,2,492,Executed
165,2022-11-23,6,372,Scheduled
166,2022-01-25,2,461,Cancelled
167,2020-10-01,4,164,Cancelled
168,2022-01-26,3,76,Cancelled
169,2020-07-27,5,12,Cancelled
170,2020-02-20,3,63,Cancelled
171,2020-04-15,6,177,Executed
172,2022-01-18,2,181,Executed
173,2021-05-26,4,272,Executed
174,2021-04-01,2,183,Scheduled
175,2022-08-04,5,350,Cancelled
176,2021-01-25,4,490,Scheduled
177,2022-01-11,5,300,Scheduled
178,2020-02-03,2,454,Executed
179,2021-06-15,2,497,Cancelled
180,2022-07-21,4,492,Cancelled
181,2020-08-11,6,421,Scheduled
182,2021-08-11,3,268,Cancelled
183,2020-11-28,2,39,Scheduled
184,2021-12-11,7,140,Cancelled
185,2020-11-17,3,58,Scheduled
186,2020-02-24,2,298,Scheduled
187,2021-11-12,3,85,Scheduled
188,2022-03-18,5,256,Scheduled
189,2022-04-25,2,343,Scheduled
190,2020-05-12,4,482,Cancelled
191,2022-07-04,5,393,Cancelled
192,2022-12-10,7,494,Cancelled
193,2020-12-24,5,98,Scheduled
194,2020-05-26,2,458,Cancelled
195,2021-06-18,7,324,Scheduled
196,2020-06-22,4,356,Executed
197,2021-04-15,3,226,Scheduled
198,2022-03-06,2,325,Scheduled
199,2020-12-19,4,361,Executed
200,2020-08-18,6,10,Executed
201,2021-06-26,7,244,Executed
202,2020-03-27,3,423,Cancelled
203,2022-02-25,2,236,Executed
204,2020-12-07,7,114,Cancelled
205,2020-11-16,6,57,Cancelled
206,2022-01-14,4,489,Executed
207,2022-10-06,5,174,Cancelled
208,2020-06-05,2,422,Scheduled
209,2020-12-22,5,308,Scheduled
210,2022-09-09,7,151,Scheduled
211,2020-10-01,2,327,Scheduled
212,2020-04-04,2,131,Cancelled
213,2022-05-12,5,48,Cancelled
214,2021-09-20,5,179,Cancelled
215,2020-11-30,2,406,Executed
216,2020-11-27,2,323,Executed
217,2020-06-17,2,218,Scheduled
218,2022-01-11,1,255,Scheduled
219,2021-06-01,3,138,Cancelled
220,2021-10-08,4,306,Executed
221,2020-02-29,4,379,Executed
222,2022-06-29,5,313,Executed
223,2021-04-22,5,167,Cancelled
224,2021-08-02,4,320,Scheduled
225,2020-07-12,2,417,Cancelled
226,2020-03-12,3,103,Cancelled
227,2022-07-23,4,120,Executed
228,2021-04-23,2,346,Cancelled
229,2020-03-17,6,420,Scheduled
230,2022-12-10,4,187,Cancelled
231,2021-09-14,5,115,Executed
232,2021-10-28,5,144,Cancelled
233,2021-02-25,3,233,Executed
234,2022-07-08,4,492,Cancelled
235,2022-10-03,3,112,Executed
236,2020-03-03,4,239,Cancelled
237,2022-01-31,4,220,Cancelled
238,2022-10-01,2,357,Scheduled
239,2020-09-27,5,101,Cancelled
240,2020-12-02,4,244,Cancelled
241,2020-03-22,6,83,Cancelled
242,2022-08-21,2,206,Scheduled
243,2021-06-14,7,264,Scheduled
244,2022-06-13,5,249,Scheduled
245,2021-06-18,3,160,Scheduled
246,2020-10-25,4,98,Scheduled
247,2020-07-04,3,385,Scheduled
248,2020-05-17,4,498,Scheduled
249,2021-09-01,5,462,Cancelled
250,2020-11-20,5,363,Executed
251,2021-02-03,5,439,Cancelled
252,2021-09-08,4,163,Scheduled
253,2022-08-07,4,312,Cancelled
254,2020-08-30,5,417,Cancelled
255,2022-06-09,4,493,Executed
256,2020-12-12,4,320,Executed
257,2021-04-29,3,335,Cancelled
258,2021-02-28,3,128,Executed
259,2021-08-07,1,197,Executed
260,2020-09-06,4,99,Cancelled
261,2021-05-19,7,160,Scheduled
262,2020-03-25,1,240,Executed
263,2020-12-26,4,401,Executed
264,2022-09-11,6,38,Scheduled
265,2021-07-17,5,134,Scheduled
266,2020-05-24,3,433,Executed
267,2022-10-18,1,125,Executed
268,2022-11-03,6,341,Scheduled
269,2020-12-27,5,466,Scheduled
270,2022-10-05,4,8,Cancelled
271,2020-12-25,4,354,Scheduled
272,2021-09-17,3,75,Cancelled
273,2020-06-10,4,217,Executed
274,2021-11-09,6,38,Scheduled
275,2020-05-01,4,392,Executed
276,2020-02-16,7,278,Scheduled
277,2021-08-07,6,185,Scheduled
278,2020-05-10,4,40,Cancelled
279,2022-02-16,5,274,Executed
280,2021-07-05,5,79,Cancelled
281,2020-05-11,6,256,Cancelled
282,2022-08-23,5,319,Scheduled
283,2022-11-28,5,19,Scheduled
284,2022-06-24,1,157,Executed
285,2020-10-24,4,476,Scheduled
286,2021-10-29,3,153,Executed
287,2021-07-17,6,311,Scheduled
288,2022-01-18,3,250,Scheduled
289,2022-05-02,4,146,Scheduled
290,2021-02-20,6,369,Scheduled
291,2022-10-11,6,7,Scheduled
292,2020-10-26,5,465,Cancelled
293,2020-10-10,6,444,Cancelled
294,2022-07-02,2,148,Scheduled
295,2020-12-27,7,223,Cancelled
296,2022-11-25,3,274,Cancelled
297,2022-10-10,7,165,Cancelled
298,2020-10-09,4,59,Cancelled
299,2021-09-11,4,56,Cancelled
300,2021-07-18,1,421,Cancelled
301,2022-03-26,3,421,Executed
302,2021-03-05,6,400,Cancelled
303,2021-08-25,1,415,Cancelled
304,2020-07-05,7,380,Scheduled
305,2020-02-26,5,221,Scheduled
306,2022-05-12,3,366,Executed
307,2021-12-25,3,271,Cancelled
308,2022-09-03,4,126,Scheduled
309,2021-06-22,1,177,Executed
310,2022-01-16,2,408,Cancelled
311,2022-02-12,3,57,Scheduled
312,2020-10-29,2,152,Executed
313,2022-03-01,4,160,Executed
314,2022-02-13,2,398,Cancelled
315,2022-10-14,4,345,Executed
316,2021-04-17,5,107,Executed
317,2021-05-21,4,100,Scheduled
318,2020-11-12,6,305,Cancelled
319,2022-08-18,3,363,Cancelled
320,2021-09-11,3,371,Executed
321,2020-04-05,5,237,Scheduled
322,2021-03-05,1,159,Scheduled
323,2020-04-16,3,349,Executed
324,2021-02-24,7,65,Cancelled
325,2020-06-23,3,10,Cancelled
326,2022-05-23,5,419,Cancelled
327,2021-10-25,1,206,Executed
328,2021-02-06,3,289,Cancelled
329,2021-02-19,2,458,Cancelled
330,2022-10-18,6,224,Cancelled
331,2020-09-03,3,381,Executed
332,2021-07-19,6,285,Executed
333,2021-11-09,6,369,Cancelled
334,2021-07-22,1,139,Cancelled
335,2021-07-12,2,396,Cancelled
336,2020-10-15,7,325,Executed
337,2021-07-22,2,154,Scheduled
338,2021-12-27,3,132,Cancelled
339,2020-08-20,3,453,Cancelled
340,2022-10-27,2,298,Cancelled
341,2021-06-23,7,329,Scheduled
342,2020-03-14,1,442,Executed
343,2022-01-20,2,51,Cancelled
344,2022-08-12,4,361,Scheduled
345,2022-04-09,3,241,Executed
346,2021-05-12,2,414,Cancelled
347,2021-03-05,2,111,Scheduled
348,2022-08-22,2,486,Cancelled
349,2020-11-22,3,113,Scheduled
350,2020-06-18,5,61,Executed
351,2022-06-15,7,126,Executed
352,2020-10-15,5,373,Scheduled
353,2022-04-20,6,275,Executed
354,2022-04-29,1,312,Cancelled
355,2022-02-12,4,431,Cancelled
356,2022-07-06,6,477,Executed
357,2022-02-13,2,419,Executed
358,2022-06-29,2,411,Executed
359,2021-04-08,1,301,Executed
360,2022-08-30,4,315,Cancelled
361,2021-12-10,1,21,Cancelled
362,2020-12-31,2,345,Scheduled
363,2020-08-15,6,117,Cancelled
364,2021-07-12,1,264,Scheduled
365,2022-08-16,2,112,Scheduled
366,2020-05-08,1,16,Scheduled
367,2021-12-21,7,27,Executed
368,2020-04-20,4,257,Scheduled
369,2022-05-08,2,372,Cancelled
370,2021-10-05,3,52,Cancelled
371,2021-07-31,6,104,Cancelled
372,2020-11-01,3,145,Cancelled
373,2022-09-05,6,120,Scheduled
374,2021-04-01,6,278,Scheduled
375,2020-07-14,5,175,Executed
376,2022-07-08,4,424,Scheduled
377,2022-07-06,6,99,Executed
378,2020-04-12,3,302,Cancelled
379,2021-10-09,4,153,Executed
380,2020-06-09,2,190,Cancelled
381,2020-04-08,3,59,Executed
382,2022-09-28,7,103,Scheduled
383,2022-05-06,4,362,Cancelled
384,2022-06-18,6,414,Cancelled
385,2021-04-02,6,24,Cancelled
386,2020-08-06,5,241,Scheduled
387,2021-01-31,3,71,Scheduled
388,2022-06-12,4,43,Scheduled
389,2020-10-13,6,257,Cancelled
390,2020-04-16,3,463,Scheduled
391,2020-12-20,3,124,Cancelled
392,2022-06-14,3,464,Cancelled
393,2020-04-06,2,338,Cancelled
394,2020-06-09,3,50,Cancelled
395,2022-07-18,3,302,Cancelled
396,2022-07-14,2,45,Executed
397,2022-07-15,3,453,Scheduled
398,2021-06-25,1,163,Executed
399,2021-06-23,5,274,Executed
400,2020-11-30,6,311,Cancelled
401,2020-05-20,7,405,Cancelled
402,2020-07-03,3,296,Scheduled
403,2020-09-19,3,271,Executed
404,2022-08-22,4,236,Cancelled
405,2020-06-01,3,77,Cancelled
406,2022-09-13,4,145,Scheduled
407,2021-03-28,2,358,Cancelled
408,2020-02-17,3,269,Executed
409,2020-06-14,3,29,Cancelled
410,2020-11-12,6,320,Scheduled
411,2022-08-21,4,487,Scheduled
412,2022-10-24,7,443,Executed
413,2021-04-06,2,151,Scheduled
414,2021-01-11,4,337,Executed
415,2022-06-10,2,304,Executed
416,2021-10-18,4,289,Cancelled
417,2020-05-23,5,279,Scheduled
418,2020-10-07,6,195,Cancelled
419,2020-03-18,3,15,Scheduled
420,2020-08-20,4,304,Scheduled
421,2021-09-18,6,464,Scheduled
422,2021-05-19,5,148,Cancelled
423,2022-08-21,2,420,Cancelled
424,2022-05-09,2,417,Executed
425,2020-12-15,2,83,Scheduled
426,2022-02-14,4,441,Cancelled
427,2020-09-07,5,97,Executed
428,2021-07-03,3,148,Cancelled
429,2021-05-17,3,304,Executed
430,2020-07-17,7,345,Executed
431,2020-12-16,2,85,Cancelled
432,2020-06-02,3,143,Scheduled
433,2020-02-22,2,453,Cancelled
434,2021-07-30,2,284,Executed
435,2020-05-16,2,264,Executed
436,2020-04-08,5,349,Scheduled
437,2021-04-29,7,165,Executed
438,2021-01-04,2,179,Executed
439,2020-07-13,5,56,Executed
440,2021-02-05,1,291,Scheduled
441,2020-09-01,5,299,Executed
442,2022-03-27,7,390,Scheduled
443,2021-10-26,2,475,Scheduled
444,2022-02-23,7,329,Cancelled
445,2020-10-13,5,439,Scheduled
446,2022-02-04,2,238,Executed
447,2021-07-09,2,457,Executed
448,2021-12-29,4,226,Scheduled
449,2022-05-15,6,430,Cancelled
450,2022-11-01,2,123,Scheduled
451,2021-03-04,7,386,Scheduled
452,2020-10-21,1,60,Scheduled
453,2022-06-17,7,286,Scheduled
454,2021-10-25,6,151,Scheduled
455,2022-04-18,4,143,Scheduled
456,2022-12-09,6,260,Executed
457,2020-04-12,2,469,Scheduled
458,2021-02-28,7,495,Scheduled
459,2022-10-30,6,13,Scheduled
460,2022-07-15,5,6,Cancelled
461,2022-09-07,5,429,Scheduled
462,2021-10-10,2,366,Cancelled
463,2021-11-25,4,256,Executed
464,2022-06-09,4,282,Executed
465,2021-05-18,5,19,Scheduled
466,2020-03-06,7,114,Cancelled
467,2021-12-14,3,159,Cancelled
468,2021-06-14,2,99,Executed
469,2021-01-03,6,307,Executed
470,2022-08-23,6,366,Scheduled
471,2021-04-24,4,403,Cancelled
472,2020-02-26,3,248,Scheduled
473,2022-05-31,4,57,Scheduled
474,2022-08-02,3,49,Scheduled
475,2020-07-14,3,114,Cancelled
476,2020-04-11,2,437,Scheduled
477,2022-07-27,3,110,Cancelled
478,2021-08-07,2,323,Cancelled
479,2020-12-12,4,29,Cancelled
480,2020-12-17,3,302,Cancelled
481,2020-03-23,4,151,Cancelled
482,2022-09-29,4,161,Cancelled
483,2022-08-24,7,250,Scheduled
484,2021-10-09,2,51,Cancelled
485,2020-07-09,2,358,Executed
486,2021-09-11,5,278,Executed
487,2022-05-10,2,175,Executed
488,2020-05-07,2,424,Executed
489,2021-09-21,3,214,Scheduled
490,2021-06-26,3,80,Executed
491,2020-07-21,6,262,Scheduled
492,2022-05-25,2,188,Cancelled
493,2022-02-08,7,293,Executed
494,2021-12-24,6,106,Cancelled
495,2022-11-03,6,422,Cancelled
496,2022-04-16,4,114,Executed
497,2021-12-30,4,151,Cancelled
498,2020-02-27,2,116,Cancelled
499,2022-02-14,6,438,Cancelled
500,2020-12-05,6,183,Cancelled
501,2022-01-13,7,22,Scheduled
502,2020-12-09,3,112,Executed
503,2022-02-08,1,484,Scheduled
504,2021-05-06,3,267,Cancelled
505,2020-06-13,6,365,Executed
506,2022-11-08,2,34,Executed
507,2020-08-18,2,452,Cancelled
508,2020-04-17,6,147,Scheduled
509,2021-07-27,2,409,Executed
510,2022-09-13,1,250,Cancelled
511,2021-01-17,6,488,Executed
512,2021-08-31,1,488,Cancelled
513,2021-01-11,2,212,Scheduled
514,2022-03-14,1,251,Executed
515,2020-10-22,2,317,Scheduled
516,2020-12-04,7,272,Cancelled
517,2021-05-16,4,400,Cancelled
518,2022-08-05,5,79,Scheduled
519,2021-05-16,4,156,Scheduled
520,2022-01-16,3,264,Executed
521,2021-03-01,5,137,Scheduled
522,2020-04-01,5,106,Cancelled
523,2020-03-04,3,236,Scheduled
524,2022-11-21,6,232,Executed
525,2020-09-16,6,56,Scheduled
526,2020-04-07,3,182,Scheduled
527,2020-03-11,4,177,Cancelled
528,2021-04-06,2,486,Cancelled
529,2021-08-26,4,326,Scheduled
530,2021-05-25,5,25,Scheduled
531,2021-03-06,2,242,Scheduled
532,2020-10-03,2,248,Executed
533,2022-11-16,3,194,Scheduled
534,2022-01-15,3,429,Cancelled
535,2022-08-11,6,236,Scheduled
536,2022-09-01,3,481,Scheduled
537,2021-06-25,7,354,Scheduled
538,2021-01-25,5,491,Scheduled
539,2021-07-15,4,124,Cancelled
540,2021-12-30,7,27,Scheduled
541,2021-07-23,4,185,Scheduled
542,2022-03-22,7,43,Executed
543,2020-11-17,5,240,Executed
544,2020-03-03,4,316,Cancelled
545,2022-12-04,3,418,Cancelled
546,2021-01-01,4,373,Cancelled
547,2022-11-18,6,258,Cancelled
548,2021-04-08,3,400,Scheduled
549,2022-01-20,4,56,Cancelled
550,2022-03-20,7,107,Scheduled
551,2020-03-10,6,450,Scheduled
552,2021-04-25,3,261,Scheduled
553,2021-08-15,6,376,Cancelled
554,2021-12-12,1,286,Cancelled
555,2020-03-06,3,106,Executed
556,2021-05-24,2,119,Scheduled
557,2022-08-02,4,177,Cancelled
558,2022-02-22,6,234,Cancelled
559,2021-04-19,6,316,Executed
560,2022-09-11,2,438,Cancelled
561,2020-08-15,6,442,Executed
562,2021-04-15,6,284,Executed
563,2020-06-19,1,260,Cancelled
564,2020-05-17,3,393,Scheduled
565,2022-11-05,4,459,Scheduled
566,2022-07-09,1,255,Scheduled
567,2020-10-27,4,471,Scheduled
568,2022-04-23,5,297,Cancelled
569,2020-04-02,5,6,Cancelled
570,2021-10-05,3,304,Cancelled
571,2020-06-10,5,21,Scheduled
572,2022-07-17,6,364,Executed
573,2021-02-26,4,67,Cancelled
574,2021-07-16,7,434,Cancelled
575,2020-05-17,4,436,Cancelled
576,2020-03-27,2,173,Executed
577,2020-06-15,6,171,Cancelled
578,2021-05-04,5,413,Cancelled
579,2020-07-06,4,152,Executed
580,2021-01-14,6,357,Scheduled
581,2022-06-11,3,336,Scheduled
582,2020-02-15,3,299,Scheduled
583,2020-05-17,2,230,Executed
584,2020-04-28,5,341,Executed
585,2021-04-25,4,234,Scheduled
586,2021-04-03,4,40,Scheduled
587,2020-03-06,3,52,Executed
588,2021-02-01,3,355,Cancelled
589,2020-10-01,1,153,Scheduled
590,2020-12-17,3,334,Executed
591,2022-06-10,3,203,Executed
592,2021-11-18,4,60,Executed
593,2021-08-26,4,452,Scheduled
594,2021-12-31,1,471,Scheduled
595,2022-02-15,2,230,Scheduled
596,2020-11-10,7,285,Executed
597,2020-08-30,2,226,Executed
598,2022-01-11,5,397,Executed
599,2021-09-04,2,25,Cancelled
600,2022-05-30,3,276,Executed
601,2022-01-31,4,61,Cancelled
602,2020-08-22,5,55,Cancelled
603,2020-02-25,3,74,Scheduled
604,2021-10-10,3,316,Cancelled
605,2022-08-04,2,258,Scheduled
606,2022-11-03,5,344,Scheduled
607,2020-08-22,2,399,Executed
608,2021-01-27,3,221,Cancelled
609,2021-09-02,1,158,Scheduled
610,2021-05-07,4,152,Cancelled
611,2020-10-16,4,58,Scheduled
612,2020-05-07,5,495,Executed
613,2021-06-19,2,203,Cancelled
614,2021-03-22,3,472,Cancelled
615,2020-12-21,6,186,Cancelled
616,2020-11-16,3,329,Executed
617,2020-02-14,4,147,Executed
618,2021-11-19,7,9,Executed
619,2022-02-22,5,115,Executed
620,2020-06-03,4,193,Executed
621,2022-09-27,5,374,Cancelled
622,2022-04-04,1,23,Scheduled
623,2022-09-22,5,261,Executed
624,2020-07-28,6,471,Scheduled
625,2021-11-15,6,106,Executed
626,2020-05-26,6,346,Executed
627,2022-04-18,4,78,Executed
628,2020-10-22,4,411,Cancelled
629,2021-10-18,5,313,Scheduled
630,2021-02-19,7,96,Executed
631,2022-04-24,2,30,Executed
632,2021-03-06,6,150,Scheduled
633,2022-05-05,5,48,Executed
634,2020-06-15,6,106,Scheduled
635,2020-05-04,3,176,Executed
636,2021-11-17,7,187,Executed
637,2021-10-29,4,459,Cancelled
638,2021-11-29,2,475,Scheduled
639,2022-03-31,3,183,Scheduled
640,2022-02-06,4,437,Scheduled
641,2020-12-25,7,165,Cancelled
642,2021-08-29,4,378,Scheduled
643,2021-07-19,3,209,Scheduled
644,2022-08-21,4,403,Cancelled
645,2021-04-28,4,276,Scheduled
646,2021-05-25,2,464,Cancelled
647,2022-03-13,1,368,Cancelled
648,2022-03-21,3,24,Executed
649,2022-01-22,3,276,Cancelled
650,2020-02-29,7,201,Cancelled
651,2021-07-12,5,170,Executed
652,2022-03-22,3,468,Scheduled
653,2022-11-29,2,114,Scheduled
654,2020-06-24,1,472,Executed
655,2020-11-14,1,94,Executed
656,2022-06-28,7,425,Executed
657,2020-09-01,6,333,Cancelled
658,2021-02-09,6,34,Cancelled
659,2021-09-06,5,176,Executed
660,2021-07-15,3,445,Executed
661,2021-11-24,2,218,Executed
662,2021-06-28,4,220,Scheduled
663,2021-01-31,6,315,Scheduled
664,2021-01-19,5,458,Scheduled
665,2022-01-03,2,443,Executed
666,2021-11-01,5,307,Cancelled
667,2020-04-07,2,214,Cancelled
668,2021-03-03,3,335,Executed
669,2020-07-09,2,416,Scheduled
670,2022-08-02,3,38,Cancelled
671,2022-10-07,5,252,Scheduled
672,2020-02-12,6,286,Scheduled
673,2022-08-11,3,12,Scheduled
674,2020-04-01,5,123,Executed
675,2020-09-29,7,334,Scheduled
676,2021-11-06,1,340,Scheduled
677,2022-04-24,2,154,Scheduled
678,2021-07-02,4,377,Executed
679,2020-08-06,4,142,Executed
680,2022-03-21,3,395,Scheduled
681,2020-10-03,6,231,Executed
682,2020-02-22,7,266,Scheduled
683,2020-09-06,1,35,Scheduled
684,2021-06-11,2,66,Executed
685,2020-09-02,5,135,Cancelled
686,2022-09-25,4,266,Scheduled
687,2021-07-07,6,226,Scheduled
688,2020-04-10,4,43,Cancelled
689,2021-05-12,3,240,Scheduled
690,2022-12-10,3,319,Scheduled
691,2022-10-21,4,222,Executed
692,2021-07-17,2,249,Scheduled
693,2022-01-30,2,6,Scheduled
694,2020-10-05,6,79,Cancelled
695,2020-12-18,2,431,Cancelled
696,2021-04-30,2,306,Cancelled
697,2022-04-16,6,450,Scheduled
698,2020-07-01,4,327,Scheduled
699,2020-06-30,6,239,Cancelled
700,2020-11-06,4,198,Cancelled
701,2022-09-20,3,94,Cancelled
702,2022-09-02,3,95,Executed
703,2021-03-25,4,285,Cancelled
704,2020-02-20,2,9,Executed
705,2021-08-13,6,123,Cancelled
706,2021-12-02,4,33,Scheduled
707,2020-10-27,6,103,Cancelled
708,2021-11-03,5,297,Cancelled
709,2021-10-22,6,372,Executed
710,2021-08-18,2,465,Scheduled
711,2020-04-11,4,278,Cancelled
712,2020-03-19,5,409,Scheduled
713,2021-11-10,7,413,Scheduled
714,2020-12-28,2,383,Scheduled
715,2021-12-30,3,190,Scheduled
716,2022-05-07,4,12,Cancelled
717,2021-03-26,6,426,Executed
718,2022-05-11,2,316,Executed
719,2022-07-07,2,472,Scheduled
720,2021-01-24,4,169,Executed
721,2021-11-03,4,234,Cancelled
722,2022-09-30,2,77,Scheduled
723,2020-12-10,6,249,Cancelled
724,2021-05-31,4,488,Cancelled
725,2020-07-01,1,328,Scheduled
726,2022-10-23,3,371,Cancelled
727,2021-06-12,5,296,Executed
728,2020-10-09,7,260,Executed
729,2021-06-29,3,407,Executed
730,2021-04-04,5,113,Executed
731,2022-11-24,3,252,Executed
732,2021-08-14,5,443,Executed
733,2022-11-06,6,469,Executed
734,2022-05-09,6,40,Executed
735,2022-07-10,6,103,Cancelled
736,2021-09-01,3,49,Executed
737,2020-11-09,3,204,Executed
738,2021-06-06,6,351,Scheduled
739,2020-04-12,1,199,Executed
740,2022-02-13,1,181,Scheduled
741,2020-03-21,4,482,Executed
742,2021-05-24,4,134,Scheduled
743,2020-09-08,6,164,Cancelled
744,2020-02-27,7,479,Scheduled
745,2022-09-30,7,482,Scheduled
746,2020-05-31,5,286,Scheduled
747,2021-09-28,5,137,Executed
748,2022-12-07,4,188,Executed
749,2022-11-27,3,59,Scheduled
750,2020-04-08,4,396,Scheduled
751,2021-05-29,4,428,Executed
752,2021-06-08,5,351,Executed
753,2022-03-26,4,277,Scheduled
754,2021-04-17,6,322,Cancelled
755,2022-01-11,1,263,Scheduled
756,2020-10-16,2,386,Scheduled
757,2020-11-15,2,61,Executed
758,2020-03-02,2,243,Scheduled
759,2021-02-05,3,474,Executed
760,2020-03-10,2,349,Cancelled
761,2022-01-30,1,321,Cancelled
762,2022-12-04,2,471,Cancelled
763,2021-05-07,6,121,Scheduled
764,2021-02-13,5,250,Scheduled
765,2022-08-28,6,458,Scheduled
766,2022-09-27,5,191,Executed
767,2022-01-30,3,230,Scheduled
768,2022-10-06,5,84,Scheduled
769,2021-05-08,4,65,Scheduled
770,2021-12-21,5,31,Cancelled
771,2021-04-27,7,11,Executed
772,2020-12-15,6,122,Scheduled
773,2020-11-01,4,253,Cancelled
774,2021-04-19,3,74,Scheduled
775,2020-05-22,4,137,Cancelled
776,2022-03-10,4,40,Executed
777,2021-04-05,2,451,Scheduled
778,2021-08-11,6,407,Executed
779,2021-10-30,3,370,Cancelled
780,2021-09-28,7,171,Executed
781,2020-09-14,5,180,Executed
782,2022-02-11,3,298,Cancelled
783,2021-06-23,6,88,Scheduled
784,2021-07-10,6,446,Executed
785,2020-04-01,6,260,Cancelled
786,2020-02-21,1,385,Executed
787,2022-05-05,6,495,Executed
788,2020-08-29,3,89,Cancelled
789,2020-06-19,4,75,Cancelled
790,2020-11-17,5,488,Executed
791,2021-10-10,6,70,Scheduled
792,2022-08-12,6,213,Cancelled
793,2022-10-04,5,19,Cancelled
794,2021-09-22,2,277,Scheduled
795,2021-03-18,3,120,Executed
796,2021-06-15,6,209,Executed
797,2020-06-13,6,460,Executed
798,2022-07-04,3,13,Cancelled
799,2021-08-23,7,70,Cancelled
800,2021-01-23,5,207,Scheduled
801,2021-01-28,2,53,Cancelled
802,2020-08-12,5,481,Executed
803,2021-08-08,4,459,Cancelled
804,2021-12-31,2,406,Cancelled
805,2021-12-05,4,2,Cancelled
806,2022-08-16,2,9,Scheduled
807,2020-12-07,5,450,Executed
808,2021-09-07,3,248,Executed
809,2020-02-02,4,409,Scheduled
810,2020-09-14,1,146,Cancelled
811,2022-08-26,5,481,Executed
812,2022-02-23,7,199,Cancelled
813,2021-02-26,5,113,Executed
814,2022-08-26,2,126,Cancelled
815,2022-12-05,5,92,Cancelled
816,2022-03-06,7,351,Cancelled
817,2021-12-08,6,2,Cancelled
818,2020-10-30,2,215,Executed
819,2021-05-27,3,288,Executed
820,2021-05-13,3,164,Executed
821,2020-07-17,6,121,Scheduled
822,2022-06-22,3,360,Cancelled
823,2021-09-19,2,254,Cancelled
824,2022-11-14,3,356,Executed
825,2020-04-29,3,435,Executed
826,2020-06-20,2,303,Executed
827,2021-02-27,7,92,Cancelled
828,2020-03-29,6,353,Executed
829,2020-07-04,4,33,Scheduled
830,2022-11-04,7,472,Scheduled
831,2020-02-13,5,211,Scheduled
832,2020-11-22,4,211,Executed
833,2021-02-16,6,115,Executed
834,2020-11-03,5,423,Scheduled
835,2021-04-14,5,436,Executed
836,2020-08-07,1,39,Scheduled
837,2021-12-21,2,45,Executed
838,2021-04-06,5,83,Scheduled
839,2021-08-23,5,355,Executed
840,2021-10-28,3,305,Cancelled
841,2021-06-04,3,363,Scheduled
842,2020-10-10,5,265,Cancelled
843,2021-12-06,6,389,Scheduled
844,2021-07-24,3,260,Cancelled
845,2020-07-14,4,95,Cancelled
846,2020-12-23,7,198,Cancelled
847,2021-08-02,7,85,Executed
848,2022-02-17,2,361,Executed
849,2021-05-27,7,377,Executed
850,2021-11-20,1,306,Cancelled
851,2021-10-08,4,103,Cancelled
852,2021-06-14,6,225,Executed
853,2022-05-01,7,351,Cancelled
854,2020-12-27,2,15,Scheduled
855,2020-03-19,2,413,Scheduled
856,2021-07-04,6,38,Cancelled
857,2022-06-10,5,15,Executed
858,2021-12-11,3,183,Cancelled
859,2020-12-17,5,240,Scheduled
860,2021-07-06,4,307,Executed
861,2022-01-10,3,186,Executed
862,2020-06-28,6,2,Executed
863,2022-07-15,6,358,Executed
864,2022-04-06,3,10,Executed
865,2020-10-11,6,490,Cancelled
866,2021-02-23,3,384,Cancelled
867,2020-03-22,5,382,Executed
868,2022-01-29,1,427,Cancelled
869,2020-10-18,2,280,Executed
870,2020-10-16,5,357,Scheduled
871,2020-06-16,7,316,Cancelled
872,2021-07-12,6,407,Cancelled
873,2022-09-01,2,204,Executed
874,2022-11-14,6,412,Cancelled
875,2020-12-13,1,186,Cancelled
876,2022-07-08,3,310,Scheduled
877,2021-07-06,6,141,Scheduled
878,2020-02-18,2,90,Cancelled
879,2021-10-20,3,219,Executed
880,2021-05-23,6,146,Executed
881,2020-12-28,6,64,Executed
882,2021-09-01,2,244,Executed
883,2021-10-01,2,156,Cancelled
884,2021-06-28,3,174,Cancelled
885,2021-10-26,7,458,Cancelled
886,2020-06-10,2,81,Cancelled
887,2022-06-30,6,422,Cancelled
888,2022-07-03,4,287,Executed
889,2022-12-10,6,247,Scheduled
890,2022-07-03,2,488,Cancelled
891,2021-08-04,2,42,Executed
892,2021-03-27,5,68,Executed
893,2022-08-01,5,308,Executed
894,2022-07-01,4,107,Scheduled
895,2021-03-18,5,386,Cancelled
896,2022-11-30,2,183,Executed
897,2020-06-22,3,16,Scheduled
898,2021-08-11,6,307,Cancelled
899,2020-09-20,4,476,Cancelled
900,2020-02-03,7,187,Cancelled
901,2020-11-01,2,385,Scheduled
902,2022-10-01,3,444,Cancelled
903,2022-06-24,4,344,Executed
904,2022-05-15,5,321,Scheduled
905,2021-05-17,4,307,Scheduled
906,2022-06-15,6,261,Executed
907,2022-05-20,7,118,Executed
908,2021-02-16,1,113,Scheduled
909,2022-05-10,3,23,Executed
910,2021-04-25,7,288,Executed
911,2020-04-19,1,263,Scheduled
912,2022-10-12,2,361,Cancelled
913,2020-05-21,1,422,Executed
914,2022-02-12,6,390,Scheduled
915,2022-07-06,2,173,Cancelled
916,2021-09-28,6,73,Scheduled
917,2022-01-30,5,440,Executed
918,2020-08-28,3,344,Scheduled
919,2022-01-18,1,43,Executed
920,2022-02-08,3,35,Cancelled
921,2020-03-02,5,320,Executed
922,2021-12-13,5,438,Scheduled
923,2021-04-25,7,289,Cancelled
924,2020-02-08,3,405,Cancelled
925,2021-08-01,7,210,Executed
926,2020-12-20,3,81,Executed
927,2021-06-16,1,21,Executed
928,2021-02-01,5,145,Executed
929,2022-01-23,2,74,Scheduled
930,2021-08-13,2,293,Executed
931,2022-01-18,3,460,Cancelled
932,2022-05-03,6,77,Cancelled
933,2022-04-02,1,152,Cancelled
934,2021-04-29,5,263,Executed
935,2021-02-24,7,460,Cancelled
936,2021-06-04,1,85,Cancelled
937,2022-09-25,6,246,Cancelled
938,2022-12-01,5,285,Scheduled
939,2020-02-22,3,187,Scheduled
940,2020-05-13,7,205,Scheduled
941,2021-09-10,2,386,Cancelled
942,2020-04-30,2,483,Cancelled
943,2021-07-26,3,352,Cancelled
944,2021-11-27,2,377,Scheduled
945,2021-01-09,4,493,Executed
946,2021-05-20,4,175,Scheduled
947,2021-05-09,4,272,Scheduled
948,2020-03-05,5,147,Cancelled
949,2022-10-01,2,494,Cancelled
950,2022-09-14,6,71,Cancelled
951,2022-04-13,3,453,Scheduled
952,2020-03-23,4,379,Scheduled
953,2020-03-13,1,405,Cancelled
954,2022-04-27,4,233,Cancelled
955,2022-05-15,6,250,Scheduled
956,2022-11-06,2,393,Scheduled
957,2021-04-11,7,300,Cancelled
958,2022-03-10,6,359,Scheduled
959,2020-11-17,6,146,Scheduled
960,2022-09-01,6,433,Cancelled
961,2022-04-25,3,147,Cancelled
962,2022-06-23,2,462,Executed
963,2021-05-06,3,85,Cancelled
964,2022-12-04,2,64,Executed
965,2021-05-26,6,437,Executed
966,2022-04-05,3,414,Cancelled
967,2020-08-12,4,281,Scheduled
968,2020-03-03,1,330,Scheduled
969,2020-11-24,5,141,Executed
970,2022-06-02,3,149,Scheduled
971,2021-04-28,7,380,Cancelled
972,2020-07-27,5,482,Executed
973,2020-07-26,1,475,Scheduled
974,2020-08-17,1,473,Cancelled
975,2022-02-11,1,348,Executed
976,2022-11-13,7,131,Scheduled
977,2020-08-07,3,124,Cancelled
978,2022-03-28,5,32,Cancelled
979,2022-05-26,6,478,Scheduled
980,2020-05-22,2,395,Scheduled
981,2022-06-03,6,30,Executed
982,2022-11-16,3,450,Executed
983,2021-12-14,5,387,Cancelled
984,2020-04-23,2,474,Scheduled
985,2020-05-16,5,63,Executed
986,2022-08-17,6,9,Scheduled
987,2021-12-23,4,464,Scheduled
988,2020-11-02,5,58,Executed
989,2022-11-20,4,379,Cancelled
990,2021-10-14,4,490,Executed
991,2021-09-27,7,229,Cancelled
992,2021-09-04,4,133,Cancelled
993,2022-10-18,4,9,Cancelled
994,2022-01-15,7,444,Cancelled
995,2022-06-15,4,179,Scheduled
996,2021-10-09,6,497,Scheduled
997,2021-06-11,7,240,Executed
998,2020-08-17,2,186,Cancelled
999,2021-04-21,4,231,Cancelled
1000,2022-04-07,5,232,Cancelled
1001,2021-01-26,3,124,Cancelled
1002,2021-12-25,2,233,Executed
1003,2022-11-29,5,13,Scheduled
1004,2021-10-17,7,421,Cancelled
1005,2022-11-08,1,2,Cancelled
1006,2020-12-16,5,204,Cancelled
1007,2022-10-07,4,340,Cancelled
1008,2022-06-27,2,114,Scheduled
1009,2022-10-11,3,219,Executed
1010,2022-11-27,5,441,Executed
1011,2020-11-26,6,348,Scheduled
1012,2020-12-31,6,347,Scheduled
1013,2022-07-27,7,314,Cancelled
1014,2021-06-30,2,155,Cancelled
1015,2021-11-04,3,416,Cancelled
1016,2021-01-04,5,35,Scheduled
1017,2022-10-31,2,273,Executed
1018,2021-01-18,2,424,Scheduled
1019,2022-03-03,7,150,Executed
1020,2020-02-04,2,160,Executed
1021,2020-10-30,2,64,Executed
1022,2022-08-22,5,231,Cancelled
1023,2021-05-01,5,381,Executed
1024,2020-06-16,4,418,Cancelled
1025,2021-09-16,5,38,Executed
1026,2020-11-04,3,491,Scheduled
1027,2021-03-07,3,344,Executed
1028,2021-12-28,1,426,Cancelled
1029,2022-02-13,3,408,Scheduled
1030,2020-08-15,6,188,Scheduled
1031,2020-09-05,3,375,Scheduled
1032,2021-03-12,6,85,Scheduled
1033,2021-07-26,6,438,Executed
1034,2022-07-28,3,274,Scheduled
1035,2021-09-11,5,218,Executed
1036,2022-07-01,1,417,Executed
1037,2022-05-08,5,127,Executed
1038,2021-01-01,5,428,Scheduled
1039,2020-06-18,1,255,Cancelled
1040,2021-02-20,6,475,Executed
1041,2022-12-09,2,115,Scheduled
1042,2021-07-12,3,111,Executed
1043,2021-11-09,3,234,Scheduled
1044,2022-08-17,4,428,Cancelled
1045,2020-12-15,3,232,Cancelled
1046,2021-07-09,3,40,Executed
1047,2022-08-18,4,344,Cancelled
1048,2021-11-04,3,486,Executed
1049,2021-04-13,6,93,Cancelled
1050,2022-05-24,5,364,Scheduled
1051,2020-10-28,4,250,Cancelled
1052,2022-03-10,5,94,Scheduled
1053,2020-09-16,5,337,Cancelled
1054,2020-10-08,6,277,Scheduled
1055,2022-11-20,6,33,Executed
1056,2021-05-07,4,218,Executed
1057,2020-10-03,2,155,Cancelled
1058,2020-12-04,3,218,Scheduled
1059,2022-03-08,4,279,Cancelled
1060,2021-04-07,4,28,Executed
1061,2021-06-11,6,465,Cancelled
1062,2022-02-27,4,99,Cancelled
1063,2020-09-09,1,388,Executed
1064,2020-04-16,1,5,Scheduled
1065,2022-07-10,3,151,Cancelled
1066,2022-02-26,5,138,Cancelled
1067,2022-06-26,5,40,Executed
1068,2021-03-31,7,247,Scheduled
1069,2021-12-15,4,70,Executed
1070,2021-11-13,5,492,Executed
1071,2021-12-10,7,105,Cancelled
1072,2021-03-15,3,249,Executed
1073,2022-10-15,4,82,Cancelled
1074,2021-02-26,6,277,Cancelled
1075,2020-04-18,7,167,Scheduled
1076,2021-04-18,4,461,Cancelled
1077,2020-07-06,4,184,Cancelled
1078,2022-01-26,3,454,Executed
1079,2022-10-12,6,232,Scheduled
1080,2022-01-24,1,212,Scheduled
1081,2022-03-03,6,439,Scheduled
1082,2020-07-15,3,273,Cancelled
1083,2020-03-05,7,92,Cancelled
1084,2021-01-17,2,420,Scheduled
1085,2020-11-03,3,214,Cancelled
1086,2021-07-03,5,102,Executed
1087,2020-09-05,3,244,Scheduled
1088,2020-06-03,4,13,Executed
1089,2020-09-05,4,386,Scheduled
1090,2022-07-23,3,465,Cancelled
1091,2022-08-03,3,223,Scheduled
1092,2020-12-11,4,172,Executed
1093,2021-03-30,7,64,Scheduled
1094,2022-10-04,2,48,Executed
1095,2021-08-06,7,132,Executed
1096,2020-08-28,5,246,Executed
1097,2021-02-04,2,4,Executed
1098,2020-03-01,1,214,Executed
1099,2022-02-28,6,163,Cancelled
1100,2021-12-26,2,165,Executed
1101,2022-07-01,7,344,Executed
1102,2021-05-23,7,244,Scheduled
1103,2020-06-09,3,353,Executed
1104,2020-04-01,3,217,Executed
1105,2021-09-13,6,448,Cancelled
1106,2020-05-17,4,130,Scheduled
1107,2020-02-05,5,362,Cancelled
1108,2022-03-23,4,280,Cancelled
1109,2022-10-03,2,95,Scheduled
1110,2022-06-30,1,185,Executed
1111,2021-07-06,3,50,Scheduled
1112,2022-10-24,6,454,Scheduled
1113,2022-11-07,5,494,Executed
1114,2020-06-23,7,115,Cancelled
1115,2020-12-19,5,182,Scheduled
1116,2020-02-18,4,11,Executed
1117,2022-04-27,2,45,Scheduled
1118,2020-03-17,3,438,Executed
1119,2022-01-16,4,130,Executed
1120,2020-03-17,6,254,Scheduled
1121,2021-08-26,7,50,Executed
1122,2021-04-04,5,283,Executed
1123,2020-05-21,1,26,Cancelled
1124,2020-07-27,1,101,Scheduled
1125,2021-08-28,6,66,Scheduled
1126,2020-03-17,4,124,Executed
1127,2022-12-03,2,375,Cancelled
1128,2021-09-02,5,160,Executed
1129,2021-05-30,5,378,Executed
1130,2020-06-27,4,435,Executed
1131,2022-10-27,4,266,Scheduled
1132,2020-07-12,2,111,Scheduled
1133,2020-06-09,4,116,Scheduled
1134,2022-09-09,2,73,Scheduled
1135,2020-05-23,3,407,Cancelled
1136,2022-10-03,3,383,Cancelled
1137,2021-08-05,5,352,Executed
1138,2021-12-22,4,366,Scheduled
1139,2020-04-19,6,354,Scheduled
1140,2020-12-27,1,487,Scheduled
1141,2021-06-13,5,63,Executed
1142,2021-05-30,7,27,Scheduled
1143,2022-07-23,2,446,Executed
1144,2022-01-16,2,315,Executed
1145,2022-05-13,3,236,Scheduled
1146,2021-07-08,5,452,Executed
1147,2022-11-30,5,114,Scheduled
1148,2022-07-13,5,336,Cancelled
1149,2022-03-12,2,434,Executed
1150,2020-07-16,5,370,Scheduled
1151,2021-08-27,6,418,Executed
1152,2021-08-02,6,402,Cancelled
1153,2020-08-09,4,71,Executed
1154,2020-09-03,1,56,Cancelled
1155,2022-02-05,7,346,Scheduled
1156,2021-12-27,6,239,Scheduled
1157,2020-08-13,2,244,Cancelled
1158,2021-10-14,4,498,Scheduled
1159,2021-07-01,5,121,Executed
1160,2021-12-24,1,265,Cancelled
1161,2021-08-29,6,389,Scheduled
1162,2021-12-25,6,422,Executed
1163,2021-01-24,2,496,Scheduled
1164,2020-09-05,7,57,Cancelled
1165,2021-06-24,2,191,Cancelled
1166,2022-08-24,2,65,Scheduled
1167,2021-04-23,7,235,Executed
1168,2022-03-18,1,84,Executed
1169,2021-08-29,2,114,Scheduled
1170,2020-06-07,5,360,Cancelled
1171,2020-11-21,4,255,Executed
1172,2021-01-27,7,316,Executed
1173,2021-06-15,3,120,Cancelled
1174,2021-07-18,4,468,Cancelled
1175,2021-10-03,6,147,Executed
1176,2020-11-27,4,402,Executed
1177,2021-07-27,2,100,Cancelled
1178,2022-04-02,6,156,Cancelled
1179,2021-01-26,6,114,Executed
1180,2021-03-01,6,361,Scheduled
1181,2022-04-01,3,290,Cancelled
1182,2022-07-09,7,59,Scheduled
1183,2020-07-21,4,130,Executed
1184,2022-06-13,3,101,Cancelled
1185,2020-05-05,4,418,Cancelled
1186,2020-02-06,5,231,Cancelled
1187,2022-07-21,6,471,Scheduled
1188,2021-09-15,1,128,Scheduled
1189,2021-12-12,5,112,Cancelled
1190,2021-01-20,5,181,Scheduled
1191,2021-02-15,6,77,Scheduled
1192,2022-12-06,7,445,Executed
1193,2020-07-20,7,110,Scheduled
1194,2022-07-10,7,253,Executed
1195,2021-04-10,4,71,Scheduled
1196,2021-05-09,1,469,Cancelled
1197,2020-09-10,4,123,Cancelled
1198,2022-05-21,4,293,Executed
1199,2020-05-03,7,111,Executed
1200,2021-12-21,3,217,Executed
1201,2020-02-27,7,243,Cancelled
1202,2022-07-28,4,474,Executed
1203,2020-08-20,6,138,Cancelled
1204,2021-03-21,4,130,Cancelled
1205,2021-08-10,1,123,Scheduled
1206,2022-10-15,4,14,Scheduled
1207,2020-08-23,7,487,Scheduled
1208,2021-06-12,5,86,Cancelled
1209,2020-04-13,3,254,Executed
1210,2020-03-29,6,238,Scheduled
1211,2020-06-03,4,202,Scheduled
1212,2021-10-01,2,76,Scheduled
1213,2022-04-23,2,496,Scheduled
1214,2022-08-04,3,92,Scheduled
1215,2020-06-15,5,382,Scheduled
1216,2022-05-29,6,468,Scheduled
1217,2020-08-09,3,169,Scheduled
1218,2021-01-26,4,187,Executed
1219,2021-12-15,7,261,Executed
1220,2020-11-17,2,487,Executed
1221,2021-05-05,3,377,Executed
1222,2021-11-09,3,405,Scheduled
1223,2021-03-08,4,238,Cancelled
1224,2022-10-13,4,279,Cancelled
1225,2021-12-18,5,409,Scheduled
1226,2022-10-13,2,361,Executed
1227,2022-07-07,4,12,Cancelled
1228,2021-11-22,1,398,Executed
1229,2021-02-03,7,449,Scheduled
1230,2021-10-20,5,227,Cancelled
1231,2022-10-10,3,478,Scheduled
1232,2021-08-08,3,100,Cancelled
1233,2020-06-29,2,54,Cancelled
1234,2020-11-12,6,477,Executed
1235,2020-12-13,6,44,Scheduled
1236,2021-11-23,4,48,Scheduled
1237,2021-09-10,2,275,Cancelled
1238,2020-04-17,3,121,Executed
1239,2022-09-10,1,47,Executed
1240,2021-12-03,2,389,Cancelled
1241,2022-10-02,2,12,Scheduled
1242,2022-10-13,2,306,Executed
1243,2020-04-18,3,483,Executed
1244,2020-06-11,4,147,Executed
1245,2021-05-19,4,209,Scheduled
1246,2022-10-19,2,453,Executed
1247,2020-04-22,3,321,Cancelled
1248,2022-10-11,7,12,Executed
1249,2022-07-08,4,193,Scheduled
1250,2020-07-29,6,220,Cancelled
1251,2020-06-11,6,222,Cancelled
1252,2021-11-22,3,393,Cancelled
1253,2021-01-30,5,20,Scheduled
1254,2021-03-14,2,123,Executed
1255,2021-10-31,1,95,Scheduled
1256,2022-02-12,6,485,Executed
1257,2020-12-08,4,424,Executed
1258,2020-04-28,2,53,Scheduled
1259,2020-06-13,5,487,Executed
1260,2021-06-27,1,197,Cancelled
1261,2021-03-27,4,48,Executed
1262,2020-05-27,3,266,Executed
1263,2022-11-20,4,449,Scheduled
1264,2021-07-14,2,446,Scheduled
1265,2020-03-19,4,428,Cancelled
1266,2020-11-23,3,97,Scheduled
1267,2020-05-05,5,118,Cancelled
1268,2021-05-22,6,186,Executed
1269,2021-11-05,4,261,Scheduled
1270,2021-11-05,6,273,Cancelled
1271,2022-09-16,4,439,Scheduled
1272,2021-03-11,5,496,Cancelled
1273,2021-10-10,6,359,Executed
1274,2021-12-22,6,151,Cancelled
1275,2020-04-24,2,61,Scheduled
1276,2021-07-12,7,197,Cancelled
1277,2021-05-18,2,277,Executed
1278,2021-10-03,3,124,Executed
1279,2022-06-01,4,174,Scheduled
1280,2021-05-14,2,181,Scheduled
1281,2021-05-28,2,471,Cancelled
1282,2022-11-26,2,163,Scheduled
1283,2022-04-03,3,200,Scheduled
1284,2021-04-29,3,95,Scheduled
1285,2021-08-14,7,498,Scheduled
1286,2020-09-06,4,143,Cancelled
1287,2022-04-13,6,475,Cancelled
1288,2020-12-15,7,1,Cancelled
1289,2022-12-07,3,155,Scheduled
1290,2022-01-25,4,152,Cancelled
1291,2020-07-07,5,293,Cancelled
1292,2022-03-28,3,360,Cancelled
1293,2020-10-31,3,130,Scheduled
1294,2020-05-30,6,403,Scheduled
1295,2021-04-23,5,413,Executed
1296,2020-07-19,5,477,Executed
1297,2020-02-04,3,178,Executed
1298,2021-09-10,7,202,Cancelled
1299,2020-12-06,6,364,Scheduled
1300,2020-04-02,4,31,Executed
1301,2021-07-17,1,15,Executed
1302,2020-09-20,5,165,Scheduled
1303,2021-06-21,5,196,Executed
1304,2021-02-24,4,395,Scheduled
1305,2021-03-12,4,113,Executed
1306,2022-01-24,4,449,Scheduled
1307,2022-04-19,2,76,Executed
1308,2021-11-24,6,207,Cancelled
1309,2020-02-25,2,296,Cancelled
1310,2022-11-06,5,306,Scheduled
1311,2022-02-03,4,435,Executed
1312,2021-06-27,2,25,Executed
1313,2020-11-29,1,28,Cancelled
1314,2021-10-06,6,117,Cancelled
1315,2021-06-06,4,205,Executed
1316,2021-10-06,6,443,Scheduled
1317,2022-04-18,6,72,Executed
1318,2020-03-23,6,378,Scheduled
1319,2020-08-07,5,2,Executed
1320,2022-03-22,5,179,Cancelled
1321,2021-04-26,2,182,Scheduled
1322,2022-05-07,2,272,Cancelled
1323,2022-05-10,3,459,Executed
1324,2020-11-17,7,486,Executed
1325,2021-01-01,7,340,Cancelled
1326,2021-02-25,2,9,Scheduled
1327,2020-05-01,6,289,Executed
1328,2022-07-21,6,146,Cancelled
1329,2020-04-05,6,57,Cancelled
1330,2021-05-06,7,96,Scheduled
1331,2020-12-27,3,30,Scheduled
1332,2021-10-06,3,437,Executed
1333,2021-03-05,4,115,Cancelled
1334,2020-07-28,4,24,Cancelled
1335,2020-04-26,2,303,Scheduled
1336,2021-07-29,7,134,Scheduled
1337,2022-10-09,5,205,Executed
1338,2020-11-15,3,98,Cancelled
1339,2022-01-30,5,374,Cancelled
1340,2020-08-31,5,42,Executed
1341,2021-04-01,4,271,Scheduled
1342,2021-06-29,3,266,Cancelled
1343,2020-04-23,2,161,Scheduled
1344,2021-03-15,1,493,Executed
1345,2022-04-26,3,499,Cancelled
1346,2022-11-26,3,320,Cancelled
1347,2022-02-08,2,350,Executed
1348,2021-09-11,4,450,Scheduled
1349,2021-03-22,6,262,Cancelled
1350,2022-09-02,5,230,Executed
1351,2021-10-06,3,182,Cancelled
1352,2022-02-01,3,113,Cancelled
1353,2020-10-06,1,12,Scheduled
1354,2022-03-12,4,209,Scheduled
1355,2021-07-25,4,467,Executed
1356,2020-11-16,1,371,Cancelled
1357,2022-09-22,6,497,Executed
1358,2021-08-27,4,243,Executed
1359,2022-03-03,4,387,Scheduled
1360,2022-04-04,2,3,Cancelled
1361,2020-08-31,3,378,Cancelled
1362,2021-10-06,7,447,Scheduled
1363,2021-01-02,5,116,Scheduled
1364,2020-07-16,1,247,Scheduled
1365,2022-05-15,4,294,Cancelled
1366,2021-06-19,5,51,Cancelled
1367,2021-02-19,3,342,Executed
1368,2021-12-28,7,214,Executed
1369,2021-10-26,3,84,Executed
1370,2022-09-19,6,172,Scheduled
1371,2021-11-18,7,292,Scheduled
1372,2022-06-24,6,110,Cancelled
1373,2021-04-02,4,424,Cancelled
1374,2020-11-04,6,313,Executed
1375,2021-10-09,4,412,Scheduled
1376,2021-07-13,7,352,Cancelled
1377,2020-10-14,7,314,Executed
1378,2022-05-26,4,134,Executed
1379,2020-07-07,6,431,Scheduled
1380,2021-11-08,2,476,Cancelled
1381,2020-08-13,3,425,Cancelled
1382,2020-08-08,6,91,Cancelled
1383,2022-04-27,6,116,Executed
1384,2021-05-11,5,86,Executed
1385,2022-04-14,5,48,Scheduled
1386,2022-11-22,2,463,Executed
1387,2022-03-31,7,113,Scheduled
1388,2022-08-16,2,224,Scheduled
1389,2020-06-13,5,452,Executed
1390,2022-03-30,3,87,Cancelled
1391,2020-05-22,1,402,Scheduled
1392,2020-03-17,1,167,Cancelled
1393,2021-02-14,4,270,Cancelled
1394,2021-03-21,2,340,Cancelled
1395,2021-03-15,4,9,Executed
1396,2021-06-23,1,40,Cancelled
1397,2021-02-09,2,83,Scheduled
1398,2021-03-05,5,487,Scheduled
1399,2021-12-22,5,266,Executed
1400,2022-01-02,2,98,Cancelled
1401,2021-10-10,2,252,Cancelled
1402,2020-03-07,6,8,Cancelled
1403,2020-10-14,3,75,Scheduled
1404,2021-07-29,4,130,Scheduled
1405,2020-12-28,2,108,Cancelled
1406,2022-07-30,3,395,Executed
1407,2021-06-12,4,299,Scheduled
1408,2020-07-21,6,228,Scheduled
1409,2022-11-23,4,16,Executed
1410,2021-01-03,5,160,Cancelled
1411,2021-08-07,3,115,Executed
1412,2021-09-10,5,36,Executed
1413,2020-02-18,1,460,Scheduled
1414,2020-10-23,1,473,Executed
1415,2022-01-07,3,336,Scheduled
1416,2020-12-08,3,149,Executed
1417,2020-12-19,4,178,Executed
1418,2020-10-29,3,382,Scheduled
1419,2020-08-23,4,476,Executed
1420,2020-08-08,4,6,Scheduled
1421,2022-07-22,7,74,Scheduled
1422,2020-03-19,1,10,Cancelled
1423,2021-03-10,7,32,Executed
1424,2020-06-03,6,436,Executed
1425,2020-09-08,1,46,Scheduled
1426,2022-09-18,3,450,Executed
1427,2021-01-14,5,239,Cancelled
1428,2020-06-25,6,1,Scheduled
1429,2020-06-21,3,79,Executed
1430,2020-11-08,5,303,Executed
1431,2020-04-07,1,300,Scheduled
1432,2021-03-18,1,347,Cancelled
1433,2022-05-10,5,419,Cancelled
1434,2022-12-11,4,409,Cancelled
1435,2020-11-04,6,412,Scheduled
1436,2020-11-10,1,44,Cancelled
1437,2020-04-28,3,359,Executed
1438,2021-11-25,7,322,Scheduled
1439,2020-10-26,1,168,Cancelled
1440,2021-08-21,4,274,Executed
1441,2022-05-28,6,194,Scheduled
1442,2021-03-17,4,474,Executed
1443,2020-05-06,4,263,Executed
1444,2021-02-01,6,235,Executed
1445,2020-07-25,2,133,Executed
1446,2020-02-19,1,262,Executed
1447,2021-03-01,2,264,Executed
1448,2021-01-29,3,317,Executed
1449,2021-09-18,2,2,Executed
1450,2021-11-04,7,433,Scheduled
1451,2021-06-16,2,24,Cancelled
1452,2021-11-11,2,395,Cancelled
1453,2021-08-28,3,359,Executed
1454,2021-04-21,6,249,Cancelled
1455,2022-09-13,6,222,Cancelled
1456,2020-11-24,3,20,Scheduled
1457,2021-12-04,7,212,Cancelled
1458,2021-08-10,5,346,Cancelled
1459,2020-02-03,4,361,Scheduled
1460,2021-12-20,3,420,Scheduled
1461,2020-06-24,7,335,Scheduled
1462,2021-10-26,6,23,Scheduled
1463,2020-08-15,5,462,Scheduled
1464,2022-12-06,3,386,Executed
1465,2022-07-03,3,283,Scheduled
1466,2022-09-16,4,480,Scheduled
1467,2022-03-07,5,108,Executed
1468,2021-08-10,5,41,Executed
1469,2020-10-04,6,66,Executed
1470,2020-06-16,5,112,Scheduled
1471,2020-03-26,5,404,Executed
1472,2020-11-21,4,467,Scheduled
1473,2022-02-12,2,49,Executed
1474,2020-07-13,6,495,Cancelled
1475,2021-08-25,3,381,Executed
1476,2021-06-12,4,326,Scheduled
1477,2020-03-31,2,36,Cancelled
1478,2022-11-09,5,101,Cancelled
1479,2022-02-04,6,303,Scheduled
1480,2021-10-25,5,395,Scheduled
1481,2021-06-25,5,171,Cancelled
1482,2020-05-10,6,96,Cancelled
1483,2021-12-18,4,341,Executed
1484,2021-06-17,5,377,Cancelled
1485,2022-01-12,5,165,Executed
1486,2022-08-01,6,226,Cancelled
1487,2021-06-13,7,29,Scheduled
1488,2020-09-18,3,392,Cancelled
1489,2020-10-15,5,87,Cancelled
1490,2022-09-21,5,418,Scheduled
1491,2022-11-03,5,469,Executed
1492,2020-05-08,6,310,Executed
1493,2022-07-15,3,372,Executed
1494,2022-03-17,2,158,Cancelled
1495,2021-01-14,5,216,Executed
1496,2021-11-14,6,388,Scheduled
1497,2022-02-27,3,439,Cancelled
1498,2021-02-26,3,81,Executed
1499,2020-04-28,1,363,Scheduled
1500,2021-01-25,1,209,Executed
1501,2020-06-25,6,272,Executed
1502,2020-03-25,4,470,Scheduled
1503,2022-09-08,5,360,Executed
1504,2021-12-28,3,25,Executed
1505,2020-09-13,2,80,Scheduled
1506,2020-12-05,2,468,Cancelled
1507,2020-07-08,6,181,Scheduled
1508,2022-04-01,3,396,Scheduled
1509,2022-03-10,3,160,Cancelled
1510,2020-03-07,1,390,Cancelled
1511,2022-10-10,3,45,Scheduled
1512,2021-03-25,3,428,Cancelled
1513,2020-09-16,4,358,Scheduled
1514,2022-01-06,4,386,Executed
1515,2020-12-10,2,477,Executed
1516,2022-09-11,3,462,Cancelled
1517,2021-05-19,6,72,Cancelled
1518,2022-06-05,6,75,Executed
1519,2021-04-20,5,117,Scheduled
1520,2020-12-01,2,273,Scheduled
1521,2022-07-14,4,53,Cancelled
1522,2020-12-11,3,423,Cancelled
1523,2020-02-07,3,323,Executed
1524,2022-10-21,5,157,Scheduled
1525,2021-12-16,5,328,Scheduled
1526,2020-11-18,7,277,Cancelled
1527,2022-04-08,2,241,Executed
1528,2020-03-18,6,288,Cancelled
1529,2020-08-26,6,413,Scheduled
1530,2022-07-09,2,416,Scheduled
1531,2020-07-23,4,197,Cancelled
1532,2021-04-10,2,314,Cancelled
1533,2021-01-24,6,92,Cancelled
1534,2021-09-06,4,380,Cancelled
1535,2020-12-05,1,414,Scheduled
1536,2021-01-30,6,447,Scheduled
1537,2021-09-12,3,399,Scheduled
1538,2021-10-09,3,85,Scheduled
1539,2020-07-01,7,285,Cancelled
1540,2020-05-06,4,172,Executed
1541,2021-01-05,6,103,Scheduled
1542,2021-05-12,3,416,Executed
1543,2022-07-29,5,107,Cancelled
1544,2020-02-19,5,273,Scheduled
1545,2022-03-09,1,353,Executed
1546,2020-06-26,6,495,Scheduled
1547,2022-01-22,2,427,Executed
1548,2020-02-06,4,25,Scheduled
1549,2020-03-23,2,368,Cancelled
1550,2020-06-26,2,310,Executed
1551,2021-05-29,2,372,Executed
1552,2020-08-13,7,237,Scheduled
1553,2020-12-26,5,436,Cancelled
1554,2022-03-10,3,168,Scheduled
1555,2020-10-13,5,110,Cancelled
1556,2020-04-15,1,290,Scheduled
1557,2021-05-29,6,218,Cancelled
1558,2021-03-19,2,201,Cancelled
1559,2022-01-05,5,335,Scheduled
1560,2021-03-06,4,418,Executed
1561,2021-03-09,6,314,Cancelled
1562,2020-10-14,6,235,Scheduled
1563,2021-06-26,2,483,Scheduled
1564,2021-07-05,3,204,Cancelled
1565,2021-09-26,3,261,Cancelled
1566,2022-04-02,4,330,Executed
1567,2020-12-29,7,149,Executed
1568,2022-09-27,6,188,Cancelled
1569,2021-04-04,6,168,Scheduled
1570,2020-12-03,2,216,Executed
1571,2020-06-25,4,44,Cancelled
1572,2022-10-16,4,460,Scheduled
1573,2022-01-26,1,394,Executed
1574,2022-08-20,3,109,Cancelled
1575,2020-10-16,6,97,Scheduled
1576,2022-06-17,7,305,Executed
1577,2022-01-01,7,279,Cancelled
1578,2022-01-23,4,65,Scheduled
1579,2021-10-21,6,235,Executed
1580,2022-08-02,5,267,Cancelled
1581,2020-12-21,6,157,Executed
1582,2021-10-18,6,108,Executed
1583,2022-07-05,5,150,Cancelled
1584,2022-06-23,1,439,Scheduled
1585,2022-02-21,4,500,Scheduled
1586,2021-06-03,4,306,Cancelled
1587,2020-12-28,7,329,Cancelled
1588,2022-03-31,5,379,Cancelled
1589,2021-03-06,3,328,Scheduled
1590,2022-10-27,7,316,Scheduled
1591,2022-05-22,5,434,Cancelled
1592,2022-09-27,6,272,Executed
1593,2021-10-02,6,115,Cancelled
1594,2021-11-03,2,169,Scheduled
1595,2021-03-23,5,112,Executed
1596,2021-05-25,3,333,Cancelled
1597,2020-10-29,3,311,Scheduled
1598,2020-11-22,3,163,Executed
1599,2020-07-25,5,158,Executed
1600,2021-03-20,3,446,Executed
1601,2020-07-20,6,161,Scheduled
1602,2022-09-22,5,280,Scheduled
1603,2021-09-27,4,480,Scheduled
1604,2021-04-16,7,199,Scheduled
1605,2022-08-09,1,454,Scheduled
1606,2021-03-23,2,422,Executed
1607,2022-05-07,6,194,Executed
1608,2020-03-17,6,235,Scheduled
1609,2020-10-04,2,440,Cancelled
1610,2021-08-05,7,80,Executed
1611,2022-06-17,6,213,Scheduled
1612,2021-02-16,7,310,Cancelled
1613,2022-07-17,7,93,Cancelled
1614,2020-11-04,3,220,Scheduled
1615,2020-11-05,7,138,Cancelled
1616,2020-03-09,5,476,Cancelled
1617,2020-10-10,2,76,Scheduled
1618,2020-09-16,5,266,Cancelled
1619,2021-03-14,6,296,Executed
1620,2022-09-16,6,53,Scheduled
1621,2022-07-19,7,227,Cancelled
1622,2022-10-08,2,16,Executed
1623,2021-07-19,2,266,Scheduled
1624,2022-04-27,5,393,Executed
1625,2020-11-19,2,68,Scheduled
1626,2022-02-10,3,186,Cancelled
1627,2020-05-24,5,285,Executed
1628,2022-07-07,2,419,Cancelled
1629,2021-12-20,1,362,Cancelled
1630,2020-05-18,2,46,Cancelled
1631,2021-06-20,4,471,Executed
1632,2022-04-06,4,85,Executed
1633,2020-07-10,3,453,Scheduled
1634,2021-12-17,5,228,Executed
1635,2021-07-01,7,361,Scheduled
1636,2021-11-15,7,146,Scheduled
1637,2020-02-10,1,166,Cancelled
1638,2021-03-04,5,334,Scheduled
1639,2022-12-09,6,365,Executed
1640,2022-09-16,4,62,Scheduled
1641,2020-11-04,2,290,Cancelled
1642,2020-02-11,5,389,Executed
1643,2021-07-16,6,305,Cancelled
1644,2022-09-20,4,411,Cancelled
1645,2021-12-03,4,244,Scheduled
1646,2020-12-14,3,4,Executed
1647,2021-02-19,7,351,Scheduled
1648,2020-04-01,6,364,Scheduled
1649,2021-09-10,5,313,Scheduled
1650,2020-12-18,6,302,Executed
1651,2022-12-01,3,280,Scheduled
1652,2020-10-11,2,152,Executed
1653,2020-06-11,4,416,Cancelled
1654,2021-02-11,5,270,Executed
1655,2022-05-26,2,119,Executed
1656,2020-06-23,2,382,Executed
1657,2022-03-24,6,227,Scheduled
1658,2022-10-03,6,176,Scheduled
1659,2021-09-29,2,428,Scheduled
1660,2021-01-03,1,218,Scheduled
1661,2020-09-12,2,48,Cancelled
1662,2020-12-22,6,72,Cancelled
1663,2021-04-11,2,116,Executed
1664,2021-09-11,2,175,Executed
1665,2020-06-28,1,234,Scheduled
1666,2020-03-31,4,162,Executed
1667,2020-10-20,4,397,Executed
1668,2020-02-08,3,188,Scheduled
1669,2021-02-22,3,84,Cancelled
1670,2020-04-27,3,477,Executed
1671,2020-08-10,3,197,Cancelled
1672,2020-03-06,5,151,Cancelled
1673,2022-11-01,4,23,Executed
1674,2021-11-01,2,348,Cancelled
1675,2021-02-13,3,52,Cancelled
1676,2021-12-15,2,301,Executed
1677,2021-03-13,2,74,Scheduled
1678,2020-11-20,1,90,Cancelled
1679,2022-01-08,6,248,Executed
1680,2022-10-07,3,146,Executed
1681,2022-01-22,4,50,Scheduled
1682,2020-06-13,4,170,Cancelled
1683,2022-03-23,4,259,Cancelled
1684,2020-09-13,3,92,Cancelled
1685,2022-02-04,1,86,Scheduled
1686,2022-08-16,2,316,Cancelled
1687,2020-12-12,6,245,Executed
1688,2022-04-14,2,38,Cancelled
1689,2020-05-25,3,107,Cancelled
1690,2020-04-16,7,156,Scheduled
1691,2021-07-01,7,228,Scheduled
1692,2020-03-08,5,428,Cancelled
1693,2020-06-27,6,64,Scheduled
1694,2021-01-21,2,478,Cancelled
1695,2022-10-27,5,296,Executed
1696,2020-02-03,4,164,Cancelled
1697,2020-05-26,3,246,Cancelled
1698,2021-04-26,1,67,Scheduled
1699,2022-11-04,3,56,Scheduled
1700,2022-08-30,3,274,Scheduled
1701,2020-08-18,6,262,Cancelled
1702,2020-12-27,2,397,Scheduled
1703,2022-05-06,4,363,Executed
1704,2021-07-26,7,426,Cancelled
1705,2022-05-15,3,297,Cancelled
1706,2021-07-08,4,95,Cancelled
1707,2021-11-10,5,203,Scheduled
1708,2022-03-07,4,152,Cancelled
1709,2022-04-29,5,51,Executed
1710,2021-01-10,6,164,Executed
1711,2022-06-02,3,476,Executed
1712,2020-05-10,2,122,Cancelled
1713,2021-05-23,3,321,Scheduled
1714,2022-06-18,2,430,Executed
1715,2022-10-09,4,305,Executed
1716,2020-08-08,5,370,Executed
1717,2022-06-18,5,13,Cancelled
1718,2022-07-30,4,474,Scheduled
1719,2022-12-04,4,383,Executed
1720,2021-11-14,5,121,Cancelled
1721,2022-03-03,5,470,Scheduled
1722,2020-08-31,5,105,Executed
1723,2022-01-23,6,301,Cancelled
1724,2022-06-19,2,218,Scheduled
1725,2022-02-16,3,339,Scheduled
1726,2020-07-11,5,499,Scheduled
1727,2022-02-25,3,192,Executed
1728,2020-09-30,3,168,Scheduled
1729,2020-10-01,4,344,Executed
1730,2022-11-24,3,181,Cancelled
1731,2021-08-25,4,15,Scheduled
1732,2022-04-28,7,474,Executed
1733,2021-07-25,4,202,Cancelled
1734,2020-06-25,1,426,Executed
1735,2022-06-09,7,203,Cancelled
1736,2021-12-06,5,201,Scheduled
1737,2021-11-29,4,76,Executed
1738,2020-11-27,2,438,Scheduled
1739,2020-06-06,5,437,Executed
1740,2020-02-19,6,167,Executed
1741,2022-06-18,6,387,Cancelled
1742,2020-08-16,7,377,Scheduled
1743,2021-08-15,6,235,Scheduled
1744,2022-08-26,5,205,Executed
1745,2020-12-10,6,476,Scheduled
1746,2020-12-29,5,369,Scheduled
1747,2020-04-13,3,92,Scheduled
1748,2020-07-22,1,176,Cancelled
1749,2020-04-26,3,74,Scheduled
1750,2020-06-13,6,91,Scheduled
1751,2020-05-16,2,406,Cancelled
1752,2022-10-15,2,235,Scheduled
1753,2021-03-01,7,225,Cancelled
1754,2022-07-24,3,419,Scheduled
1755,2020-02-25,5,478,Executed
1756,2020-06-29,3,377,Cancelled
1757,2020-05-21,2,330,Cancelled
1758,2021-08-20,6,338,Cancelled
1759,2022-02-02,6,399,Cancelled
1760,2021-12-09,7,393,Executed
1761,2022-02-08,4,188,Scheduled
1762,2022-12-05,3,484,Cancelled
1763,2022-04-17,7,228,Executed
1764,2021-06-06,3,164,Scheduled
1765,2021-10-08,3,441,Executed
1766,2020-11-19,6,191,Scheduled
1767,2020-09-10,5,441,Executed
1768,2021-10-09,2,128,Cancelled
1769,2020-09-02,2,101,Cancelled
1770,2021-02-25,4,380,Executed
1771,2021-02-22,3,219,Executed
1772,2021-01-28,4,294,Scheduled
1773,2021-12-22,5,393,Scheduled
1774,2022-10-13,2,383,Executed
1775,2021-01-19,2,276,Scheduled
1776,2022-04-13,1,403,Scheduled
1777,2021-11-07,3,438,Scheduled
1778,2021-08-17,2,58,Executed
1779,2022-08-25,5,28,Executed
1780,2020-11-15,5,147,Executed
1781,2022-06-17,4,388,Scheduled
1782,2020-06-08,3,107,Cancelled
1783,2020-08-18,3,95,Cancelled
1784,2020-07-24,1,346,Executed
1785,2021-11-26,4,465,Cancelled
1786,2021-11-17,4,493,Scheduled
1787,2022-01-11,6,224,Cancelled
1788,2022-01-18,3,99,Cancelled
1789,2021-09-01,6,448,Executed
1790,2020-11-13,5,264,Scheduled
1791,2022-08-06,2,474,Executed
1792,2022-06-01,5,175,Scheduled
1793,2021-03-10,5,53,Executed
1794,2021-11-12,7,303,Scheduled
1795,2020-09-18,3,124,Scheduled
1796,2021-06-04,4,335,Cancelled
1797,2021-08-26,2,246,Cancelled
1798,2021-10-10,5,243,Cancelled
1799,2021-09-02,6,17,Cancelled
1800,2020-10-12,4,269,Executed
1801,2022-06-27,5,480,Scheduled
1802,2021-11-19,1,264,Cancelled
1803,2020-10-31,1,273,Cancelled
1804,2022-03-21,1,68,Executed
1805,2020-02-16,7,466,Scheduled
1806,2021-07-19,2,496,Executed
1807,2021-10-11,5,10,Cancelled
1808,2020-02-28,5,424,Scheduled
1809,2022-06-27,2,68,Executed
1810,2021-07-23,6,23,Cancelled
1811,2020-12-11,7,17,Cancelled
1812,2020-07-30,6,236,Cancelled
1813,2020-12-20,5,81,Scheduled
1814,2022-05-07,5,246,Executed
1815,2021-10-25,5,40,Executed
1816,2021-08-14,2,415,Executed
1817,2021-01-07,3,122,Cancelled
1818,2022-01-19,2,434,Cancelled
1819,2021-05-03,2,174,Cancelled
1820,2020-07-15,6,376,Scheduled
1821,2022-01-03,5,105,Executed
1822,2022-11-13,3,335,Cancelled
1823,2022-03-13,2,123,Scheduled
1824,2022-04-03,1,151,Executed
1825,2021-11-28,7,267,Cancelled
1826,2022-07-05,3,64,Scheduled
1827,2021-01-18,3,424,Cancelled
1828,2021-07-07,1,24,Cancelled
1829,2021-05-07,4,451,Scheduled
1830,2021-09-24,5,309,Scheduled
1831,2020-03-02,5,52,Scheduled
1832,2022-07-06,3,298,Scheduled
1833,2020-07-12,5,414,Executed
1834,2021-04-23,3,41,Scheduled
1835,2021-06-09,3,185,Scheduled
1836,2022-11-10,7,76,Scheduled
1837,2021-10-03,7,200,Scheduled
1838,2020-10-03,3,481,Executed
1839,2021-01-12,4,262,Scheduled
1840,2021-03-30,5,405,Scheduled
1841,2021-02-05,2,178,Scheduled
1842,2021-07-21,6,49,Executed
1843,2021-04-02,3,337,Cancelled
1844,2022-10-08,6,208,Cancelled
1845,2021-01-04,5,179,Executed
1846,2020-09-04,3,334,Cancelled
1847,2022-05-31,5,163,Executed
1848,2020-12-03,7,160,Executed
1849,2022-01-01,6,248,Cancelled
1850,2021-07-11,3,387,Cancelled
1851,2020-11-09,4,299,Cancelled
1852,2022-05-12,5,36,Executed
1853,2021-10-27,3,385,Scheduled
1854,2021-01-08,5,249,Scheduled
1855,2021-11-25,7,1,Executed
1856,2020-11-02,7,50,Scheduled
1857,2020-04-05,4,277,Scheduled
1858,2021-05-30,4,144,Cancelled
1859,2022-12-03,3,91,Executed
1860,2022-08-23,3,378,Executed
1861,2020-06-10,4,402,Cancelled
1862,2022-06-01,5,175,Scheduled
1863,2022-06-20,3,430,Scheduled
1864,2021-05-26,7,326,Cancelled
1865,2020-09-03,5,33,Scheduled
1866,2020-04-30,6,165,Scheduled
1867,2022-08-01,2,134,Executed
1868,2021-09-15,5,47,Executed
1869,2022-01-05,3,118,Executed
1870,2022-02-21,4,462,Scheduled
1871,2020-03-20,6,127,Scheduled
1872,2022-02-12,3,274,Executed
1873,2020-06-23,4,146,Scheduled
1874,2020-02-21,5,105,Scheduled
1875,2022-10-29,5,152,Executed
1876,2022-12-04,5,261,Scheduled
1877,2020-03-15,1,122,Scheduled
1878,2021-05-05,2,240,Scheduled
1879,2020-06-15,1,367,Scheduled
1880,2020-03-05,6,446,Cancelled
1881,2022-03-13,6,423,Executed
1882,2022-03-14,6,495,Cancelled
1883,2020-02-25,7,195,Scheduled
1884,2021-05-21,7,387,Cancelled
1885,2022-06-04,4,340,Scheduled
1886,2020-06-23,4,313,Executed
1887,2021-09-15,2,146,Scheduled
1888,2020-08-04,5,115,Executed
1889,2020-11-24,4,333,Executed
1890,2021-05-27,1,366,Executed
1891,2020-04-14,5,399,Executed
1892,2021-06-27,1,336,Cancelled
1893,2022-04-24,3,43,Executed
1894,2022-08-11,7,185,Scheduled
1895,2021-02-15,4,15,Cancelled
1896,2020-08-04,6,350,Cancelled
1897,2022-06-14,3,374,Scheduled
1898,2021-03-07,7,114,Cancelled
1899,2021-06-28,1,238,Executed
1900,2022-12-05,6,65,Scheduled
1901,2022-05-08,4,34,Executed
1902,2020-09-18,2,454,Scheduled
1903,2022-03-31,5,471,Cancelled
1904,2022-04-13,7,224,Cancelled
1905,2021-03-31,3,173,Scheduled
1906,2021-04-07,7,397,Cancelled
1907,2021-04-28,5,143,Cancelled
1908,2022-05-07,2,275,Scheduled
1909,2022-11-20,5,407,Scheduled
1910,2022-01-10,1,445,Executed
1911,2020-12-11,5,308,Executed
1912,2021-10-16,6,296,Executed
1913,2021-11-08,6,286,Cancelled
1914,2020-12-23,6,482,Executed
1915,2020-12-30,5,499,Cancelled
1916,2020-12-20,1,3,Scheduled
1917,2020-12-20,4,417,Executed
1918,2020-03-30,5,45,Scheduled
1919,2021-12-05,5,30,Executed
1920,2021-10-03,4,143,Scheduled
1921,2022-08-10,4,304,Executed
1922,2022-03-28,5,111,Scheduled
1923,2021-05-27,6,128,Cancelled
1924,2020-02-24,5,437,Executed
1925,2022-06-06,7,115,Cancelled
1926,2021-05-13,2,377,Cancelled
1927,2021-04-06,2,483,Scheduled
1928,2020-05-29,6,328,Scheduled
1929,2022-06-16,4,468,Scheduled
1930,2020-10-08,3,37,Scheduled
1931,2020-04-13,3,35,Executed
1932,2021-02-17,5,415,Executed
1933,2020-07-14,4,37,Scheduled
1934,2021-03-13,4,32,Cancelled
1935,2022-01-16,2,46,Scheduled
1936,2020-08-28,7,323,Scheduled
1937,2022-04-02,6,154,Scheduled
1938,2021-08-26,6,42,Executed
1939,2021-12-09,1,270,Executed
1940,2021-02-07,6,183,Scheduled
1941,2022-10-12,2,352,Scheduled
1942,2020-11-22,6,231,Scheduled
1943,2021-03-26,5,297,Executed
1944,2020-07-14,5,27,Cancelled
1945,2022-10-18,5,191,Scheduled
1946,2020-07-12,2,362,Executed
1947,2022-09-01,2,426,Cancelled
1948,2022-09-24,6,120,Executed
1949,2022-03-24,6,500,Executed
1950,2021-10-26,3,393,Scheduled
1951,2021-09-16,4,244,Scheduled
1952,2020-12-26,4,155,Scheduled
1953,2022-07-05,6,114,Cancelled
1954,2022-01-13,6,59,Executed
1955,2022-10-12,1,386,Executed
1956,2022-12-01,2,255,Cancelled
1957,2021-08-19,6,487,Executed
1958,2020-11-03,6,232,Scheduled
1959,2022-11-21,1,285,Scheduled
1960,2020-04-22,5,377,Cancelled
1961,2021-04-10,3,63,Cancelled
1962,2020-08-29,7,18,Executed
1963,2021-11-03,5,85,Scheduled
1964,2021-03-25,3,43,Scheduled
1965,2022-07-24,3,102,Executed
1966,2021-10-18,7,107,Executed
1967,2020-05-23,5,231,Scheduled
1968,2022-12-05,2,244,Scheduled
1969,2020-02-24,5,183,Executed
1970,2020-07-27,6,370,Executed
1971,2022-08-19,5,151,Scheduled
1972,2020-03-17,1,466,Scheduled
1973,2021-01-14,5,489,Executed
1974,2022-02-28,1,499,Cancelled
1975,2020-03-02,3,322,Scheduled
1976,2022-07-14,2,15,Cancelled
1977,2022-08-27,2,491,Executed
1978,2020-06-22,6,268,Executed
1979,2021-01-27,3,436,Scheduled
1980,2022-06-09,4,166,Executed
1981,2022-05-07,7,88,Executed
1982,2022-01-20,2,88,Cancelled
1983,2020-06-22,6,300,Executed
1984,2021-03-29,3,190,Executed
1985,2020-04-04,5,307,Scheduled
1986,2022-03-02,5,49,Executed
1987,2020-10-27,2,54,Scheduled
1988,2021-04-13,4,458,Cancelled
1989,2020-05-27,5,108,Cancelled
1990,2021-09-30,5,58,Executed
1991,2021-04-24,2,233,Executed
1992,2021-06-02,7,102,Cancelled
1993,2021-05-11,6,468,Executed
1994,2021-07-05,6,477,Scheduled
1995,2020-08-20,7,195,Cancelled
1996,2021-06-28,4,150,Executed
1997,2022-10-09,1,322,Scheduled
1998,2020-09-13,2,345,Executed
1999,2022-06-13,2,404,Cancelled
2000,2020-12-03,2,120,Executed
2001,2022-09-22,7,176,Scheduled
2002,2021-02-25,4,353,Scheduled
2003,2021-05-08,2,73,Executed
2004,2021-01-04,1,274,Scheduled
2005,2020-04-17,2,80,Cancelled
2006,2020-10-30,7,211,Executed
2007,2022-08-31,3,198,Executed
2008,2021-03-11,4,78,Executed
2009,2022-01-17,1,442,Scheduled
2010,2020-05-03,6,411,Cancelled
2011,2022-10-01,5,21,Cancelled
2012,2021-01-27,3,416,Executed
2013,2020-05-07,3,86,Executed
2014,2020-10-05,3,113,Cancelled
2015,2022-01-13,6,61,Scheduled
2016,2022-10-08,4,221,Scheduled
2017,2022-01-07,6,231,Cancelled
2018,2020-06-07,3,70,Scheduled
2019,2020-12-31,4,357,Executed
2020,2021-09-11,1,492,Scheduled
2021,2022-10-04,7,89,Scheduled
2022,2022-05-04,2,489,Cancelled
2023,2022-09-15,3,212,Scheduled
2024,2020-07-17,7,40,Cancelled
2025,2021-10-17,1,19,Scheduled
2026,2021-06-03,5,190,Executed
2027,2020-08-21,5,272,Executed
2028,2022-08-15,3,403,Executed
2029,2020-09-03,1,273,Cancelled
2030,2021-09-13,3,198,Scheduled
2031,2020-03-24,4,428,Executed
2032,2020-07-23,3,27,Executed
2033,2020-05-27,7,119,Executed
2034,2022-10-01,2,151,Executed
2035,2021-06-25,7,124,Cancelled
2036,2021-02-05,2,176,Scheduled
2037,2021-09-01,6,257,Cancelled
2038,2020-04-28,6,459,Scheduled
2039,2020-11-07,5,339,Cancelled
2040,2022-04-07,6,493,Cancelled
2041,2022-04-04,2,237,Cancelled
2042,2021-08-08,2,163,Scheduled
2043,2021-11-04,4,124,Scheduled
2044,2021-09-20,5,268,Scheduled
2045,2022-09-13,3,232,Cancelled
2046,2022-08-15,7,302,Scheduled
2047,2021-12-20,4,298,Scheduled
2048,2020-10-15,5,203,Cancelled
2049,2022-10-31,6,358,Scheduled
2050,2021-04-15,5,374,Scheduled
2051,2022-05-19,6,61,Scheduled
2052,2021-05-05,3,390,Scheduled
2053,2021-04-20,4,399,Scheduled
2054,2021-08-31,2,120,Cancelled
2055,2020-04-15,4,17,Scheduled
2056,2020-06-03,1,239,Executed
2057,2022-11-19,6,180,Executed
2058,2022-04-08,6,428,Scheduled
2059,2021-01-24,4,302,Cancelled
2060,2021-10-17,5,280,Scheduled
2061,2020-02-02,6,493,Cancelled
2062,2021-12-18,7,64,Executed
2063,2021-02-06,3,276,Executed
2064,2022-07-13,4,89,Scheduled
2065,2021-08-16,1,450,Cancelled
2066,2021-02-10,3,292,Executed
2067,2021-12-14,1,452,Scheduled
2068,2021-02-15,3,29,Executed
2069,2021-12-17,3,290,Executed
2070,2022-05-21,7,152,Executed
2071,2021-07-07,4,160,Cancelled
2072,2022-07-20,2,129,Executed
2073,2022-08-06,4,162,Scheduled
2074,2020-05-19,1,265,Scheduled
2075,2020-10-27,4,173,Executed
2076,2020-09-19,4,146,Executed
2077,2021-04-19,6,144,Cancelled
2078,2020-07-15,6,67,Scheduled
2079,2020-08-03,5,370,Executed
2080,2021-06-27,3,237,Cancelled
2081,2020-05-31,4,214,Cancelled
2082,2022-11-16,6,216,Executed
2083,2020-02-26,6,293,Executed
2084,2020-04-02,3,208,Executed
2085,2020-08-20,6,204,Scheduled
2086,2021-07-21,7,256,Executed
2087,2022-06-27,3,313,Executed
2088,2020-11-25,5,456,Cancelled
2089,2020-06-19,1,254,Cancelled
2090,2022-04-15,2,232,Cancelled
2091,2022-05-23,6,449,Executed
2092,2022-11-10,5,34,Scheduled
2093,2021-05-14,4,95,Cancelled
2094,2021-12-17,3,76,Scheduled
2095,2022-07-20,5,269,Executed
2096,2021-03-23,6,208,Scheduled
2097,2022-05-04,6,53,Scheduled
2098,2020-10-31,6,475,Scheduled
2099,2020-09-05,6,148,Cancelled
2100,2020-05-02,5,475,Executed
2101,2022-01-25,2,474,Executed
2102,2021-08-21,6,338,Executed
2103,2020-04-24,6,98,Cancelled
2104,2022-10-08,5,212,Cancelled
2105,2021-12-25,3,376,Executed
2106,2021-05-27,5,159,Scheduled
2107,2021-04-28,4,250,Scheduled
2108,2021-01-17,6,27,Executed
2109,2022-05-15,3,489,Cancelled
2110,2022-01-06,6,239,Cancelled
2111,2020-07-13,3,28,Scheduled
2112,2020-04-15,7,365,Cancelled
2113,2021-05-08,5,447,Cancelled
2114,2020-08-11,5,217,Scheduled
2115,2022-10-18,6,485,Scheduled
2116,2022-04-27,5,80,Cancelled
2117,2021-08-08,6,311,Cancelled
2118,2021-07-21,5,296,Executed
2119,2022-08-24,4,221,Scheduled
2120,2022-04-15,7,483,Executed
2121,2021-02-04,6,233,Cancelled
2122,2020-02-09,1,310,Executed
2123,2022-08-07,5,282,Executed
2124,2020-07-20,5,279,Scheduled
2125,2021-08-12,5,2,Executed
2126,2022-09-10,6,11,Scheduled
2127,2022-02-18,6,444,Cancelled
2128,2021-04-08,5,421,Cancelled
2129,2021-10-14,6,387,Cancelled
2130,2021-09-12,2,490,Cancelled
2131,2021-04-08,2,254,Executed
2132,2022-08-14,6,64,Executed
2133,2022-11-10,4,150,Executed
2134,2022-01-27,3,143,Executed
2135,2022-04-06,5,263,Scheduled
2136,2021-10-08,5,211,Executed
2137,2021-11-25,3,321,Executed
2138,2020-09-27,7,445,Cancelled
2139,2020-09-13,4,375,Scheduled
2140,2021-07-08,3,96,Cancelled
2141,2020-02-26,2,286,Cancelled
2142,2022-01-09,3,49,Scheduled
2143,2022-09-14,5,343,Cancelled
2144,2022-11-07,6,488,Scheduled
2145,2022-03-08,5,16,Cancelled
2146,2021-10-30,6,353,Executed
2147,2021-11-09,3,448,Scheduled
2148,2020-06-05,1,407,Executed
2149,2020-10-08,2,254,Cancelled
2150,2022-08-16,3,235,Cancelled
2151,2022-01-25,7,33,Cancelled
2152,2022-11-16,1,94,Scheduled
2153,2020-09-04,4,268,Executed
2154,2022-02-24,3,49,Executed
2155,2020-11-07,4,131,Scheduled
2156,2021-06-26,3,214,Cancelled
2157,2022-08-07,6,307,Scheduled
2158,2022-07-07,6,326,Scheduled
2159,2021-10-31,2,49,Cancelled
2160,2020-10-31,6,380,Executed
2161,2021-08-28,6,235,Executed
2162,2021-07-04,2,276,Executed
2163,2022-09-16,1,398,Executed
2164,2020-07-28,2,497,Scheduled
2165,2021-01-25,5,345,Scheduled
2166,2020-11-21,7,338,Executed
2167,2021-08-13,3,210,Executed
2168,2021-10-30,4,351,Executed
2169,2021-09-19,6,252,Scheduled
2170,2021-07-23,4,462,Executed
2171,2021-06-12,6,430,Executed
2172,2022-08-31,3,21,Cancelled
2173,2022-06-24,6,323,Cancelled
2174,2022-04-30,1,219,Scheduled
2175,2021-05-10,2,269,Executed
2176,2021-03-30,7,413,Scheduled
2177,2020-10-31,2,499,Scheduled
2178,2022-08-19,3,68,Cancelled
2179,2020-04-04,7,64,Cancelled
2180,2022-12-07,5,159,Executed
2181,2021-07-15,7,493,Executed
2182,2020-12-26,7,293,Executed
2183,2022-02-06,2,43,Scheduled
2184,2021-03-04,3,123,Scheduled
2185,2022-01-31,5,256,Executed
2186,2021-03-11,3,169,Scheduled
2187,2020-05-01,5,59,Cancelled
2188,2020-06-21,4,455,Executed
2189,2020-10-04,2,256,Scheduled
2190,2021-04-16,6,316,Scheduled
2191,2021-08-30,4,159,Executed
2192,2022-11-04,3,461,Executed
2193,2022-07-12,2,81,Scheduled
2194,2020-12-02,2,92,Cancelled
2195,2022-06-24,1,50,Scheduled
2196,2020-07-21,1,1,Scheduled
2197,2021-10-10,6,35,Executed
2198,2022-04-16,2,31,Cancelled
2199,2020-11-05,3,340,Cancelled
2200,2021-03-19,2,249,Cancelled
2201,2020-10-06,2,392,Scheduled
2202,2020-06-05,4,500,Cancelled
2203,2020-10-31,2,189,Scheduled
2204,2020-12-23,5,358,Executed
2205,2021-02-07,3,206,Executed
2206,2022-01-03,3,192,Cancelled
2207,2021-08-13,6,313,Executed
2208,2022-07-27,1,14,Scheduled
2209,2021-05-16,5,34,Executed
2210,2022-10-29,2,12,Executed
2211,2021-11-07,2,112,Executed
2212,2021-10-28,2,320,Scheduled
2213,2020-02-16,4,245,Executed
2214,2020-12-08,7,173,Scheduled
2215,2020-04-01,3,14,Executed
2216,2021-10-27,3,162,Executed
2217,2020-02-29,3,67,Scheduled
2218,2022-05-31,3,488,Cancelled
2219,2022-09-28,6,469,Executed
2220,2022-05-19,5,4,Cancelled
2221,2020-04-20,5,359,Cancelled
2222,2021-11-24,1,405,Scheduled
2223,2022-03-21,3,418,Cancelled
2224,2020-08-10,4,489,Scheduled
2225,2021-02-27,5,110,Scheduled
2226,2021-02-20,7,321,Cancelled
2227,2021-07-28,5,405,Scheduled
2228,2022-07-10,3,326,Scheduled
2229,2021-07-11,4,38,Executed
2230,2021-12-28,6,487,Scheduled
2231,2020-08-17,5,422,Cancelled
2232,2020-03-19,6,176,Cancelled
2233,2020-10-22,1,218,Executed
2234,2020-12-07,4,129,Executed
2235,2022-06-01,5,486,Cancelled
2236,2021-05-22,4,79,Executed
2237,2021-09-17,4,33,Cancelled
2238,2020-05-09,2,473,Scheduled
2239,2021-11-20,5,347,Scheduled
2240,2021-12-27,7,34,Executed
2241,2020-06-10,3,383,Cancelled
2242,2021-02-15,4,408,Executed
2243,2021-10-28,5,208,Cancelled
2244,2021-12-03,3,435,Scheduled
2245,2021-03-19,5,434,Cancelled
2246,2021-01-13,2,435,Executed
2247,2020-08-22,5,260,Executed
2248,2021-03-12,2,384,Cancelled
2249,2020-11-26,4,385,Executed
2250,2020-11-04,4,316,Scheduled
2251,2020-07-07,5,327,Cancelled
2252,2020-08-06,3,340,Executed
2253,2021-03-07,4,125,Scheduled
2254,2022-11-03,4,52,Cancelled
2255,2020-11-18,1,410,Cancelled
2256,2022-01-17,6,100,Scheduled
2257,2021-10-01,3,331,Cancelled
2258,2020-08-19,6,398,Scheduled
2259,2022-09-27,3,395,Cancelled
2260,2021-03-04,4,364,Executed
2261,2020-07-07,2,34,Executed
2262,2020-05-14,2,65,Cancelled
2263,2020-06-15,6,244,Scheduled
2264,2022-07-29,3,447,Scheduled
2265,2022-11-20,4,363,Cancelled
2266,2022-09-11,4,158,Scheduled
2267,2021-01-05,4,8,Scheduled
2268,2022-01-18,2,223,Cancelled
2269,2022-09-06,7,191,Cancelled
2270,2020-06-25,7,107,Executed
2271,2020-11-21,3,39,Cancelled
2272,2022-02-25,6,498,Scheduled
2273,2021-02-28,5,118,Scheduled
2274,2021-01-23,1,38,Scheduled
2275,2022-07-18,2,381,Scheduled
2276,2021-01-04,2,303,Executed
2277,2020-04-21,5,275,Executed
2278,2022-08-29,2,3,Scheduled
2279,2020-04-10,6,359,Scheduled
2280,2020-05-29,5,498,Scheduled
2281,2021-06-03,6,178,Executed
2282,2020-10-03,6,479,Executed
2283,2021-07-17,5,15,Cancelled
2284,2021-05-21,6,132,Scheduled
2285,2020-04-06,3,423,Scheduled
2286,2020-08-08,2,287,Executed
2287,2020-02-12,2,146,Cancelled
2288,2020-11-01,5,219,Cancelled
2289,2020-05-09,5,333,Cancelled
2290,2020-04-10,6,356,Cancelled
2291,2020-09-16,2,318,Scheduled
2292,2020-02-13,2,395,Scheduled
2293,2020-12-17,2,198,Executed
2294,2020-05-29,5,287,Executed
2295,2020-03-25,2,385,Cancelled
2296,2022-09-19,5,431,Cancelled
2297,2022-10-14,3,151,Executed
2298,2021-07-16,5,214,Executed
2299,2022-08-15,6,203,Cancelled
2300,2022-05-13,4,175,Cancelled
2301,2022-10-17,2,274,Scheduled
2302,2022-08-10,3,278,Cancelled
2303,2020-05-03,3,402,Scheduled
2304,2022-02-20,6,256,Executed
2305,2021-08-13,1,434,Executed
2306,2021-09-19,4,358,Scheduled
2307,2021-12-27,4,265,Executed
2308,2021-06-03,3,281,Scheduled
2309,2022-07-10,1,476,Scheduled
2310,2020-10-12,6,297,Executed
2311,2021-04-05,5,491,Executed
2312,2021-04-27,6,316,Scheduled
2313,2022-02-22,4,289,Scheduled
2314,2022-03-19,2,462,Executed
2315,2020-04-08,5,310,Executed
2316,2022-11-09,2,83,Executed
2317,2020-02-08,2,464,Scheduled
2318,2021-10-06,1,375,Executed
2319,2021-05-24,4,188,Scheduled
2320,2022-02-01,6,168,Executed
2321,2022-07-01,2,153,Scheduled
2322,2021-05-13,2,7,Executed
2323,2022-04-09,5,100,Scheduled
2324,2020-03-09,4,462,Executed
2325,2022-09-30,4,473,Cancelled
2326,2020-05-07,4,32,Executed
2327,2021-09-24,3,115,Executed
2328,2020-08-27,4,187,Cancelled
2329,2021-07-29,5,253,Scheduled
2330,2021-06-02,1,456,Scheduled
2331,2021-02-01,6,326,Executed
2332,2020-09-14,3,70,Executed
2333,2020-06-25,6,138,Executed
2334,2020-06-28,2,27,Cancelled
2335,2020-08-12,1,478,Scheduled
2336,2022-05-31,1,157,Scheduled
2337,2022-01-07,6,90,Cancelled
2338,2020-05-03,4,236,Executed
2339,2020-11-08,5,421,Executed
2340,2022-02-04,5,222,Cancelled
2341,2021-05-20,6,62,Executed
2342,2020-02-02,5,482,Executed
2343,2021-02-27,1,398,Cancelled
2344,2022-12-08,5,460,Executed
2345,2021-10-29,5,161,Cancelled
2346,2021-11-10,6,179,Scheduled
2347,2022-02-16,5,484,Executed
2348,2022-05-31,3,390,Scheduled
2349,2021-10-25,3,413,Cancelled
2350,2022-08-11,4,99,Scheduled
2351,2021-01-30,3,386,Cancelled
2352,2021-07-21,3,392,Scheduled
2353,2022-05-22,6,283,Cancelled
2354,2021-05-25,1,241,Cancelled
2355,2021-08-20,3,175,Scheduled
2356,2020-07-28,2,367,Scheduled
2357,2022-06-18,7,459,Cancelled
2358,2020-03-18,6,348,Scheduled
2359,2021-06-03,3,417,Cancelled
2360,2020-07-30,6,229,Scheduled
2361,2022-06-12,5,468,Cancelled
2362,2022-09-01,6,402,Cancelled
2363,2021-05-19,7,99,Executed
2364,2020-07-22,6,318,Scheduled
2365,2022-03-26,3,67,Cancelled
2366,2020-10-30,6,106,Cancelled
2367,2020-04-20,3,145,Executed
2368,2021-03-05,4,335,Executed
2369,2021-12-21,1,466,Executed
2370,2022-01-04,2,316,Scheduled
2371,2021-10-04,3,284,Scheduled
2372,2020-09-26,4,31,Scheduled
2373,2020-06-23,2,334,Executed
2374,2020-11-22,6,352,Cancelled
2375,2020-05-13,6,468,Executed
2376,2021-12-06,3,184,Executed
2377,2022-04-01,3,177,Executed
2378,2022-01-28,2,368,Executed
2379,2020-12-11,3,31,Executed
2380,2020-03-05,7,339,Cancelled
2381,2020-12-09,6,123,Scheduled
2382,2020-05-03,4,170,Executed
2383,2022-03-12,6,251,Scheduled
2384,2021-06-02,5,321,Executed
2385,2020-05-08,5,293,Cancelled
2386,2020-05-21,3,455,Cancelled
2387,2022-11-28,3,495,Scheduled
2388,2022-06-22,5,289,Executed
2389,2022-07-02,7,428,Executed
2390,2020-03-05,2,400,Executed
2391,2020-07-07,7,141,Executed
2392,2021-02-03,6,412,Cancelled
2393,2022-07-06,2,131,Cancelled
2394,2022-01-22,4,390,Scheduled
2395,2022-01-03,6,1,Executed
2396,2020-05-24,4,258,Cancelled
2397,2022-10-19,4,74,Cancelled
2398,2022-08-19,3,445,Cancelled
2399,2021-01-09,4,43,Cancelled
2400,2020-09-17,6,135,Scheduled
2401,2021-10-18,4,259,Executed
2402,2021-01-17,1,7,Scheduled
2403,2021-11-15,6,231,Executed
2404,2020-07-02,2,348,Scheduled
2405,2021-09-05,6,446,Executed
2406,2022-01-08,5,332,Scheduled
2407,2020-11-22,6,452,Executed
2408,2022-12-05,4,321,Cancelled
2409,2020-10-25,1,131,Executed
2410,2022-03-23,5,110,Scheduled
2411,2021-11-15,2,22,Executed
2412,2021-05-29,6,18,Executed
2413,2020-06-01,6,497,Cancelled
2414,2022-06-20,3,264,Executed
2415,2020-04-12,4,443,Scheduled
2416,2022-08-01,4,348,Executed
2417,2020-02-29,1,81,Executed
2418,2022-11-02,3,98,Executed
2419,2021-11-27,7,164,Cancelled
2420,2020-02-20,2,35,Executed
2421,2020-12-11,6,465,Executed
2422,2022-05-27,6,31,Cancelled
2423,2022-11-24,2,271,Scheduled
2424,2021-07-19,6,443,Cancelled
2425,2022-02-04,5,142,Scheduled
2426,2022-07-10,1,158,Executed
2427,2020-08-15,6,188,Scheduled
2428,2021-04-20,3,438,Cancelled
2429,2021-01-13,5,320,Cancelled
2430,2022-10-23,7,257,Cancelled
2431,2021-09-04,5,132,Scheduled
2432,2021-10-17,5,149,Scheduled
2433,2020-04-07,2,287,Cancelled
2434,2022-08-03,5,97,Executed
2435,2020-02-06,3,282,Scheduled
2436,2021-04-29,5,363,Executed
2437,2020-05-31,3,108,Executed
2438,2021-06-03,2,109,Scheduled
2439,2021-01-29,5,295,Executed
2440,2021-04-22,3,361,Executed
2441,2021-12-29,4,320,Scheduled
2442,2022-01-21,4,477,Scheduled
2443,2021-06-26,6,78,Cancelled
2444,2022-11-03,6,159,Executed
2445,2021-01-01,6,469,Cancelled
2446,2022-07-19,6,185,Cancelled
2447,2020-03-04,7,392,Executed
2448,2020-06-18,3,434,Executed
2449,2021-04-21,4,250,Scheduled
2450,2020-06-24,5,356,Scheduled
2451,2022-01-08,1,193,Scheduled
2452,2021-06-13,2,407,Scheduled
2453,2022-07-07,3,238,Scheduled
2454,2021-09-27,1,458,Cancelled
2455,2021-11-30,4,329,Cancelled
2456,2021-01-18,2,20,Executed
2457,2021-10-11,2,127,Cancelled
2458,2022-07-23,1,52,Scheduled
2459,2020-07-11,6,22,Cancelled
2460,2020-10-13,5,15,Scheduled
2461,2020-02-18,6,166,Executed
2462,2022-03-08,3,255,Executed
2463,2022-01-26,4,373,Executed
2464,2022-10-16,4,391,Scheduled
2465,2022-04-22,2,436,Scheduled
2466,2022-11-16,5,491,Scheduled
2467,2021-06-20,4,413,Executed
2468,2021-09-22,6,243,Executed
2469,2021-09-23,3,416,Executed
2470,2022-02-15,7,383,Executed
2471,2022-05-13,1,102,Scheduled
2472,2021-03-03,7,152,Scheduled
2473,2022-03-28,5,268,Scheduled
2474,2020-06-07,3,299,Cancelled
2475,2022-11-05,3,474,Scheduled
2476,2020-04-19,5,102,Cancelled
2477,2021-06-29,6,116,Cancelled
2478,2020-07-06,2,144,Scheduled
2479,2022-01-19,6,38,Cancelled
2480,2020-10-16,4,343,Cancelled
2481,2021-04-28,6,106,Executed
2482,2020-03-05,5,444,Cancelled
2483,2022-02-16,6,389,Scheduled
2484,2020-10-28,3,204,Executed
2485,2021-12-26,3,383,Executed
2486,2021-10-10,6,88,Executed
2487,2021-10-25,3,397,Scheduled
2488,2021-04-25,1,94,Scheduled
2489,2020-04-23,2,216,Scheduled
2490,2022-02-24,1,360,Cancelled
2491,2021-05-03,1,248,Scheduled
2492,2021-03-16,5,283,Executed
2493,2020-09-18,6,340,Executed
2494,2022-07-11,4,4,Cancelled
2495,2021-05-07,3,28,Cancelled
2496,2021-01-21,6,87,Scheduled
2497,2021-05-18,7,217,Executed
2498,2020-07-06,6,76,Cancelled
2499,2021-02-10,3,10,Scheduled
2500,2021-08-09,7,197,Scheduled
2501,2022-10-15,3,302,Executed
2502,2020-06-30,5,252,Cancelled
2503,2020-07-27,2,220,Executed
2504,2020-12-08,6,219,Scheduled
2505,2022-03-18,4,63,Cancelled
2506,2020-04-16,4,59,Executed
2507,2022-08-07,3,366,Cancelled
2508,2021-07-20,5,384,Executed
2509,2020-02-02,2,395,Scheduled
2510,2021-03-17,1,177,Scheduled
2511,2021-03-23,5,201,Cancelled
2512,2021-07-18,5,492,Scheduled
2513,2022-04-01,2,286,Executed
2514,2021-07-29,5,42,Executed
2515,2022-11-08,6,358,Cancelled
2516,2021-01-21,3,340,Scheduled
2517,2021-08-07,7,25,Cancelled
2518,2020-11-20,3,458,Cancelled
2519,2022-07-29,3,268,Cancelled
2520,2020-12-20,3,255,Cancelled
2521,2020-07-17,6,452,Executed
2522,2020-11-23,4,267,Cancelled
2523,2021-03-11,1,272,Cancelled
2524,2020-06-16,5,328,Scheduled
2525,2022-08-07,1,240,Cancelled
2526,2021-11-02,3,392,Executed
2527,2020-09-26,4,97,Scheduled
2528,2021-01-03,7,92,Cancelled
2529,2022-12-10,6,454,Scheduled
2530,2021-12-02,7,207,Scheduled
2531,2022-06-25,2,435,Cancelled
2532,2022-04-21,3,156,Cancelled
2533,2021-02-09,4,119,Executed
2534,2022-02-16,4,211,Scheduled
2535,2021-06-12,3,452,Scheduled
2536,2021-07-30,4,220,Scheduled
2537,2020-12-30,2,335,Executed
2538,2021-03-30,6,418,Executed
2539,2020-07-06,6,145,Executed
2540,2020-11-20,5,459,Executed
2541,2021-07-26,4,497,Cancelled
2542,2021-02-07,2,175,Cancelled
2543,2020-03-03,2,73,Executed
2544,2020-11-02,1,437,Cancelled
2545,2020-03-11,4,6,Cancelled
2546,2020-12-06,3,337,Cancelled
2547,2022-03-18,3,140,Scheduled
2548,2021-07-13,6,90,Scheduled
2549,2021-04-11,7,418,Cancelled
2550,2021-05-24,5,305,Cancelled
2551,2021-05-14,5,214,Executed
2552,2020-04-28,6,246,Executed
2553,2020-12-28,3,320,Cancelled
2554,2021-12-14,3,442,Executed
2555,2020-09-01,2,85,Scheduled
2556,2021-09-17,3,304,Scheduled
2557,2022-06-16,6,350,Scheduled
2558,2022-08-26,4,232,Cancelled
2559,2020-03-01,7,369,Scheduled
2560,2022-09-13,3,438,Scheduled
2561,2020-09-11,3,100,Cancelled
2562,2021-07-24,5,326,Cancelled
2563,2020-10-23,7,220,Cancelled
2564,2020-03-10,6,82,Scheduled
2565,2021-10-06,7,337,Scheduled
2566,2022-12-06,3,285,Executed
2567,2020-10-09,2,394,Cancelled
2568,2020-12-25,3,17,Cancelled
2569,2020-03-30,6,342,Cancelled
2570,2020-05-28,3,353,Scheduled
2571,2021-10-27,3,408,Cancelled
2572,2022-02-17,7,32,Executed
2573,2022-11-06,7,339,Scheduled
2574,2022-06-26,3,50,Scheduled
2575,2020-10-23,5,335,Scheduled
2576,2021-11-24,4,476,Cancelled
2577,2020-12-18,5,441,Cancelled
2578,2020-11-23,6,206,Scheduled
2579,2021-07-29,3,468,Executed
2580,2022-11-19,4,464,Executed
2581,2021-07-10,7,208,Cancelled
2582,2021-09-23,6,255,Scheduled
2583,2021-10-01,7,394,Cancelled
2584,2021-09-25,2,97,Executed
2585,2022-11-18,4,409,Cancelled
2586,2022-05-19,5,241,Scheduled
2587,2020-08-02,2,297,Cancelled
2588,2022-05-03,5,337,Executed
2589,2022-03-16,2,295,Scheduled
2590,2020-02-06,4,477,Cancelled
2591,2021-02-02,2,101,Cancelled
2592,2020-09-09,4,500,Executed
2593,2022-01-07,6,174,Scheduled
2594,2020-08-05,4,194,Cancelled
2595,2020-06-17,3,395,Executed
2596,2020-10-28,3,407,Scheduled
2597,2020-04-16,3,378,Cancelled
2598,2021-04-25,3,281,Cancelled
2599,2021-03-21,5,395,Cancelled
2600,2022-05-31,4,375,Scheduled
2601,2021-04-17,7,194,Scheduled
2602,2021-03-22,6,430,Scheduled
2603,2020-12-02,6,68,Executed
2604,2021-09-30,4,29,Executed
2605,2021-09-08,4,169,Cancelled
2606,2021-03-08,1,14,Scheduled
2607,2021-01-31,6,400,Executed
2608,2022-06-07,5,384,Scheduled
2609,2021-10-11,2,220,Executed
2610,2020-08-06,4,14,Cancelled
2611,2022-01-06,2,152,Scheduled
2612,2022-09-27,7,202,Executed
2613,2022-01-14,3,329,Cancelled
2614,2021-08-23,3,140,Scheduled
2615,2021-05-07,5,369,Executed
2616,2021-05-20,4,392,Cancelled
2617,2020-09-26,2,188,Cancelled
2618,2020-03-07,5,39,Scheduled
2619,2022-02-19,4,301,Cancelled
2620,2022-05-20,4,51,Cancelled
2621,2022-09-29,7,5,Cancelled
2622,2021-06-04,2,79,Executed
2623,2021-08-17,3,329,Executed
2624,2020-05-12,2,287,Cancelled
2625,2021-05-19,1,324,Cancelled
2626,2022-08-18,6,260,Executed
2627,2021-02-05,2,427,Cancelled
2628,2021-06-08,4,86,Cancelled
2629,2021-11-10,6,66,Cancelled
2630,2020-03-29,5,168,Cancelled
2631,2020-10-13,2,143,Executed
2632,2020-06-04,2,291,Executed
2633,2020-07-14,5,197,Cancelled
2634,2020-12-07,4,201,Scheduled
2635,2020-04-16,1,75,Executed
2636,2022-07-02,4,188,Scheduled
2637,2022-05-02,3,302,Executed
2638,2021-06-16,5,496,Scheduled
2639,2021-03-20,3,281,Executed
2640,2021-03-15,6,262,Cancelled
2641,2020-02-04,2,55,Cancelled
2642,2021-03-27,6,40,Executed
2643,2022-05-25,2,85,Scheduled
2644,2021-01-21,7,397,Executed
2645,2021-02-27,6,16,Scheduled
2646,2022-07-01,3,445,Scheduled
2647,2020-05-07,2,258,Cancelled
2648,2020-03-13,2,151,Cancelled
2649,2022-10-25,5,414,Cancelled
2650,2021-01-11,1,193,Executed
2651,2021-02-09,7,68,Cancelled
2652,2021-11-12,6,222,Scheduled
2653,2020-08-03,7,20,Executed
2654,2020-02-12,7,452,Scheduled
2655,2022-09-11,4,293,Scheduled
2656,2021-01-12,4,366,Scheduled
2657,2022-01-06,5,12,Scheduled
2658,2022-09-29,5,149,Cancelled
2659,2022-10-08,5,293,Scheduled
2660,2022-05-01,4,285,Scheduled
2661,2020-02-10,2,207,Scheduled
2662,2020-12-19,1,84,Cancelled
2663,2022-05-07,2,379,Cancelled
2664,2021-07-02,3,440,Scheduled
2665,2022-10-08,6,321,Cancelled
2666,2021-07-22,6,222,Executed
2667,2022-03-14,7,270,Cancelled
2668,2020-10-22,5,269,Executed
2669,2020-11-15,2,480,Executed
2670,2020-08-17,4,173,Executed
2671,2020-08-03,7,82,Scheduled
2672,2022-10-28,4,25,Scheduled
2673,2021-10-13,2,489,Scheduled
2674,2020-05-28,6,31,Scheduled
2675,2021-01-09,6,378,Cancelled
2676,2022-07-18,3,241,Executed
2677,2021-09-06,6,448,Executed
2678,2022-09-07,6,365,Scheduled
2679,2022-04-06,3,6,Cancelled
2680,2022-01-16,4,348,Scheduled
2681,2020-03-12,3,169,Cancelled
2682,2022-10-22,3,120,Cancelled
2683,2021-10-29,4,55,Scheduled
2684,2020-04-02,2,58,Executed
2685,2020-07-20,5,407,Cancelled
2686,2021-02-11,7,76,Scheduled
2687,2021-04-17,3,491,Scheduled
2688,2020-06-23,2,400,Cancelled
2689,2021-01-17,4,333,Cancelled
2690,2021-03-13,4,273,Executed
2691,2020-11-23,2,177,Scheduled
2692,2021-08-23,2,188,Executed
2693,2021-05-21,2,292,Cancelled
2694,2020-09-15,6,461,Cancelled
2695,2020-10-14,6,230,Cancelled
2696,2021-01-20,5,250,Scheduled
2697,2022-10-23,1,293,Cancelled
2698,2021-06-12,5,198,Scheduled
2699,2022-10-28,7,364,Cancelled
2700,2021-04-09,5,400,Cancelled
2701,2022-03-08,6,358,Cancelled
2702,2021-08-15,3,135,Scheduled
2703,2021-11-13,6,119,Cancelled
2704,2021-07-12,5,3,Scheduled
2705,2021-03-27,6,274,Cancelled
2706,2020-05-03,7,377,Scheduled
2707,2021-07-19,5,117,Scheduled
2708,2020-07-28,6,393,Scheduled
2709,2021-03-23,5,9,Scheduled
2710,2021-01-27,3,9,Scheduled
2711,2021-11-10,6,288,Executed
2712,2020-07-02,7,41,Scheduled
2713,2022-02-09,5,7,Scheduled
2714,2022-09-30,6,5,Cancelled
2715,2022-03-10,6,251,Scheduled
2716,2022-10-10,6,96,Scheduled
2717,2021-01-29,3,308,Cancelled
2718,2022-05-17,3,221,Scheduled
2719,2020-09-25,3,366,Scheduled
2720,2022-10-16,6,319,Cancelled
2721,2020-05-24,2,447,Scheduled
2722,2020-08-26,2,73,Executed
2723,2022-01-25,3,288,Scheduled
2724,2021-09-25,1,433,Cancelled
2725,2020-05-13,4,327,Executed
2726,2022-06-08,2,283,Executed
2727,2022-06-28,2,173,Executed
2728,2021-12-04,3,103,Cancelled
2729,2022-11-25,6,321,Scheduled
2730,2020-07-06,3,252,Cancelled
2731,2022-09-18,6,38,Scheduled
2732,2022-03-13,6,38,Cancelled
2733,2022-01-07,1,112,Executed
2734,2022-09-05,3,166,Scheduled
2735,2021-07-15,2,160,Scheduled
2736,2021-09-04,6,175,Cancelled
2737,2021-10-11,5,372,Executed
2738,2020-05-05,1,409,Executed
2739,2020-03-21,4,248,Executed
2740,2021-01-04,3,484,Scheduled
2741,2021-08-18,4,189,Executed
2742,2020-04-28,2,206,Scheduled
2743,2021-03-19,6,31,Cancelled
2744,2020-06-17,4,142,Cancelled
2745,2020-08-25,5,247,Scheduled
2746,2022-10-19,2,135,Cancelled
2747,2021-05-27,6,335,Executed
2748,2020-10-14,7,238,Scheduled
2749,2022-05-08,5,118,Executed
2750,2021-09-04,5,291,Cancelled
2751,2022-08-12,5,104,Scheduled
2752,2021-09-28,7,115,Executed
2753,2020-07-22,6,145,Cancelled
2754,2020-04-27,2,379,Cancelled
2755,2022-10-13,6,311,Executed
2756,2022-03-04,4,169,Cancelled
2757,2020-05-08,2,283,Cancelled
2758,2022-09-15,2,462,Scheduled
2759,2021-04-26,4,120,Cancelled
2760,2021-06-16,6,160,Cancelled
2761,2022-09-05,4,432,Cancelled
2762,2020-02-15,1,324,Scheduled
2763,2022-03-20,4,167,Scheduled
2764,2022-01-20,2,63,Scheduled
2765,2020-10-04,1,175,Cancelled
2766,2022-05-23,5,158,Scheduled
2767,2021-09-02,4,294,Cancelled
2768,2021-02-13,5,25,Scheduled
2769,2020-10-08,7,76,Executed
2770,2022-08-16,7,331,Cancelled
2771,2020-10-14,4,83,Executed
2772,2021-03-25,3,228,Cancelled
2773,2021-06-21,2,88,Scheduled
2774,2020-05-09,1,453,Executed
2775,2020-05-17,6,60,Scheduled
2776,2020-10-27,6,298,Executed
2777,2020-10-03,2,370,Scheduled
2778,2020-07-18,6,356,Cancelled
2779,2021-08-29,1,469,Cancelled
2780,2021-08-05,2,395,Scheduled
2781,2020-08-14,3,274,Cancelled
2782,2020-10-23,2,297,Executed
2783,2021-05-29,5,69,Cancelled
2784,2020-04-11,6,258,Scheduled
2785,2022-01-01,2,37,Scheduled
2786,2021-07-10,7,405,Cancelled
2787,2021-06-03,4,471,Scheduled
2788,2020-04-26,6,241,Scheduled
2789,2021-07-29,6,181,Executed
2790,2020-10-17,3,348,Scheduled
2791,2020-06-10,6,132,Cancelled
2792,2022-01-26,2,309,Executed
2793,2021-08-03,6,445,Executed
2794,2020-09-28,5,186,Cancelled
2795,2021-01-17,5,181,Executed
2796,2021-05-01,3,491,Cancelled
2797,2020-05-06,7,95,Executed
2798,2021-02-25,3,145,Scheduled
2799,2022-08-15,2,423,Cancelled
2800,2020-03-28,3,19,Scheduled
2801,2022-11-12,6,265,Scheduled
2802,2021-07-31,6,266,Scheduled
2803,2021-02-14,5,437,Scheduled
2804,2021-09-21,2,178,Scheduled
2805,2022-08-18,6,69,Cancelled
2806,2021-09-05,1,482,Scheduled
2807,2020-05-01,2,377,Cancelled
2808,2021-01-04,4,406,Cancelled
2809,2020-02-28,6,56,Scheduled
2810,2021-09-13,3,153,Executed
2811,2022-06-29,3,215,Scheduled
2812,2022-01-10,6,272,Executed
2813,2022-10-14,3,183,Executed
2814,2021-09-18,4,462,Executed
2815,2022-11-02,6,354,Scheduled
2816,2021-10-12,7,239,Scheduled
2817,2022-01-17,3,366,Executed
2818,2020-09-11,7,356,Cancelled
2819,2021-07-25,1,234,Scheduled
2820,2020-03-14,2,1,Executed
2821,2021-07-01,3,288,Cancelled
2822,2021-03-08,3,351,Executed
2823,2022-06-24,6,250,Cancelled
2824,2022-07-27,6,240,Cancelled
2825,2021-06-23,3,66,Scheduled
2826,2020-03-24,7,91,Scheduled
2827,2022-06-09,6,31,Executed
2828,2022-01-09,2,315,Scheduled
2829,2021-02-28,5,25,Cancelled
2830,2021-04-14,5,465,Executed
2831,2020-08-06,1,378,Scheduled
2832,2020-05-13,4,215,Scheduled
2833,2022-02-12,2,278,Scheduled
2834,2021-05-10,3,437,Cancelled
2835,2020-02-08,2,382,Cancelled
2836,2020-11-12,4,92,Cancelled
2837,2022-04-13,1,15,Cancelled
2838,2021-04-07,7,448,Scheduled
2839,2022-05-22,4,58,Executed
2840,2020-12-27,2,251,Scheduled
2841,2021-02-08,5,340,Cancelled
2842,2022-10-26,5,362,Cancelled
2843,2020-10-26,4,70,Cancelled
2844,2020-06-12,2,268,Executed
2845,2020-06-16,2,267,Scheduled
2846,2021-04-08,7,435,Scheduled
2847,2022-03-28,4,467,Executed
2848,2020-07-02,6,241,Scheduled
2849,2022-11-23,7,441,Scheduled
2850,2021-04-05,1,169,Scheduled
2851,2022-06-02,6,126,Executed
2852,2020-07-29,5,237,Executed
2853,2021-12-02,4,451,Scheduled
2854,2020-03-15,3,201,Cancelled
2855,2021-06-29,2,462,Scheduled
2856,2022-03-26,5,147,Scheduled
2857,2020-09-22,2,105,Scheduled
2858,2020-06-19,5,40,Scheduled
2859,2021-03-25,6,301,Scheduled
2860,2020-04-07,2,470,Executed
2861,2022-04-08,1,325,Executed
2862,2022-10-09,1,43,Scheduled
2863,2021-03-19,2,166,Scheduled
2864,2021-04-13,6,495,Scheduled
2865,2022-08-12,2,413,Cancelled
2866,2021-12-15,6,465,Executed
2867,2022-08-31,6,134,Cancelled
2868,2022-11-22,4,430,Executed
2869,2022-06-23,6,224,Executed
2870,2020-05-23,2,250,Cancelled
2871,2021-08-14,4,273,Scheduled
2872,2021-08-22,2,264,Cancelled
2873,2022-12-02,3,394,Scheduled
2874,2020-05-31,1,1,Cancelled
2875,2022-01-12,2,131,Executed
2876,2020-02-27,2,1,Cancelled
2877,2022-04-08,2,137,Executed
2878,2021-03-27,6,146,Scheduled
2879,2022-06-03,5,130,Scheduled
2880,2022-02-12,1,430,Cancelled
2881,2021-09-08,4,206,Scheduled
2882,2022-06-09,3,381,Scheduled
2883,2022-02-17,3,178,Scheduled
2884,2020-12-18,6,238,Executed
2885,2020-08-24,6,50,Cancelled
2886,2022-04-10,6,326,Cancelled
2887,2021-09-02,5,288,Executed
2888,2020-07-02,7,49,Cancelled
2889,2020-11-22,3,320,Scheduled
2890,2022-04-15,1,179,Executed
2891,2021-04-20,4,427,Scheduled
2892,2022-10-08,1,424,Executed
2893,2022-04-23,7,306,Executed
2894,2021-02-28,4,306,Executed
2895,2021-05-04,6,334,Scheduled
2896,2021-07-16,4,415,Cancelled
2897,2021-11-23,2,57,Executed
2898,2022-09-16,6,295,Executed
2899,2021-01-25,1,57,Cancelled
2900,2020-04-15,5,480,Cancelled
2901,2020-06-28,6,424,Scheduled
2902,2020-12-13,2,470,Cancelled
2903,2022-04-21,3,441,Cancelled
2904,2020-10-13,6,417,Executed
2905,2020-07-22,4,431,Scheduled
2906,2022-04-13,4,223,Cancelled
2907,2021-12-25,7,390,Scheduled
2908,2022-10-25,6,467,Scheduled
2909,2020-07-02,3,389,Cancelled
2910,2022-01-23,2,276,Cancelled
2911,2021-09-18,5,212,Scheduled
2912,2020-05-24,5,376,Scheduled
2913,2022-01-13,3,425,Scheduled
2914,2021-05-27,1,111,Executed
2915,2020-02-10,2,498,Executed
2916,2020-07-29,6,475,Scheduled
2917,2020-10-22,7,72,Cancelled
2918,2021-10-16,6,354,Cancelled
2919,2022-04-12,5,489,Cancelled
2920,2021-10-03,7,244,Scheduled
2921,2021-02-18,3,389,Scheduled
2922,2022-05-19,5,318,Scheduled
2923,2022-07-11,3,54,Scheduled
2924,2022-07-20,6,393,Cancelled
2925,2021-04-20,2,80,Executed
2926,2020-04-08,6,214,Scheduled
2927,2022-08-30,4,463,Scheduled
2928,2022-03-11,3,192,Cancelled
2929,2022-04-20,6,429,Cancelled
2930,2022-11-15,5,251,Executed
2931,2020-09-11,4,301,Scheduled
2932,2022-09-30,3,99,Scheduled
2933,2021-04-16,1,418,Scheduled
2934,2022-04-15,6,442,Executed
2935,2022-05-14,5,3,Cancelled
2936,2020-09-17,4,227,Executed
2937,2022-06-12,7,240,Scheduled
2938,2021-01-02,3,407,Cancelled
2939,2022-08-28,2,139,Scheduled
2940,2020-08-18,1,312,Executed
2941,2020-03-11,4,27,Executed
2942,2022-10-25,3,356,Scheduled
2943,2020-08-22,1,285,Scheduled
2944,2021-09-14,1,93,Cancelled
2945,2020-12-19,5,495,Cancelled
2946,2022-11-20,5,178,Scheduled
2947,2022-06-17,1,466,Executed
2948,2020-04-05,5,410,Scheduled
2949,2022-09-06,5,323,Executed
2950,2020-04-19,3,247,Scheduled
2951,2020-07-06,7,406,Executed
2952,2022-05-24,6,379,Executed
2953,2022-01-23,1,1,Executed
2954,2020-03-21,5,79,Scheduled
2955,2021-01-15,6,13,Cancelled
2956,2022-03-03,5,181,Cancelled
2957,2022-07-07,5,53,Scheduled
2958,2020-11-13,4,423,Cancelled
2959,2021-06-10,6,285,Executed
2960,2022-10-16,3,308,Scheduled
2961,2022-11-22,4,463,Executed
2962,2022-11-12,2,207,Scheduled
2963,2022-10-03,4,58,Cancelled
2964,2021-07-24,2,86,Scheduled
2965,2020-02-18,7,343,Executed
2966,2021-07-30,3,441,Cancelled
2967,2021-08-22,4,314,Scheduled
2968,2022-08-08,7,396,Executed
2969,2022-01-26,6,341,Executed
2970,2022-12-10,4,358,Executed
2971,2021-07-07,3,20,Executed
2972,2020-12-21,1,240,Cancelled
2973,2022-01-27,3,9,Executed
2974,2020-11-23,4,489,Scheduled
2975,2022-03-23,7,304,Executed
2976,2021-06-15,6,213,Cancelled
2977,2021-05-01,4,386,Executed
2978,2020-03-19,2,339,Scheduled
2979,2021-04-07,7,57,Cancelled
2980,2021-09-29,1,430,Cancelled
2981,2020-02-23,6,249,Scheduled
2982,2021-06-05,2,51,Cancelled
2983,2021-12-30,3,419,Cancelled
2984,2021-06-19,6,153,Cancelled
2985,2022-09-20,1,77,Executed
2986,2021-07-26,1,159,Executed
2987,2020-02-06,2,420,Scheduled
2988,2022-09-27,4,145,Cancelled
2989,2021-01-30,3,30,Executed
2990,2020-06-07,6,73,Cancelled
2991,2020-10-06,3,426,Executed
2992,2020-02-05,1,238,Cancelled
2993,2020-05-15,4,304,Scheduled
2994,2021-08-26,4,392,Scheduled
2995,2021-10-11,6,445,Scheduled
2996,2022-03-12,2,182,Scheduled
2997,2021-03-25,2,68,Cancelled
2998,2020-03-24,6,5,Executed
2999,2021-07-06,5,177,Executed
3000,2021-01-22,3,76,Executed