id,created_at,payment_amount,user_id
1,2020-11-12,142.89,25
2,2021-08-16,149.62,41
3,2020-02-01,115.43,420
4,2020-11-11,21.73,333
5,2021-02-08,112.77,29
6,2021-11-23,1.59,339
7,2021-07-19,135.12,384
8,2021-04-15,30.36,105
9,2020-12-11,58.28,21
10,2021-04-24,137.4,178
11,2020-05-24,129.43,284
12,2021-09-21,121.45,44
13,2021-09-01,64.82,302
14,2020-10-13,17.47,96
15,2020-12-03,35.84,362
16,2021-11-07,45.85,370
17,2020-04-27,34.81,128
18,2021-12-09,87.43,375
19,2020-08-30,58.66,275
20,2020-10-11,57.79,301
21,2020-06-30,125.04,170
22,2020-06-10,74.26,491
23,2020-08-25,55.11,57
24,2021-07-07,50.76,120
25,2021-06-09,113.55,215
26,2021-09-21,48.81,104
27,2020-04-15,112.3,40
28,2021-03-29,66.63,375
29,2020-11-23,118.26,136
30,2020-05-22,7.41,297
31,2020-10-03,24.73,152
32,2020-06-03,90.85,229
33,2021-03-19,127.42,136
34,2020-09-14,7.77,2
35,2020-12-13,60.35,4
36,2021-03-01,73.54,78
37,2020-07-13,27.49,19
38,2020-06-07,147.63,212
39,2021-01-01,50.56,291
40,2020-09-22,22.24,350
41,2021-06-24,17.19,243
42,2020-02-16,110.14,113
43,2021-06-02,103.8,78
44,2021-08-11,49.43,287
45,2021-12-21,1.01,302
46,2021-09-02,124.96,153
47,2020-02-06,91.56,168
48,2020-06-22,43.22,96
49,2020-05-14,92.65,19
50,2020-06-03,82.8,444
51,2020-04-14,10.11,344
52,2021-04-03,113.57,36
53,2021-06-02,137.86,143
54,2020-08-29,45.26,27
55,2021-01-26,14.2,418
56,2020-02-28,59.89,337
57,2020-06-22,7.79,217
58,2020-09-13,24.2,180
59,2021-07-25,127.32,158
60,2020-08-27,70.69,337
61,2021-01-19,109.99,29
62,2021-02-23,76.31,397
63,2020-10-31,38.07,324
64,2020-10-13,3,344
65,2020-03-27,97.21,50
66,2020-06-05,111.09,59
67,2021-06-04,138.74,234
68,2021-10-24,43.31,468
69,2021-01-24,36.39,163
70,2020-04-03,24.92,88
71,2021-09-20,105.9,448
72,2021-03-03,115.04,87
73,2021-09-21,135.74,83
74,2021-12-26,112.77,8
75,2021-03-27,41.88,394
76,2021-05-11,51.34,145
77,2021-11-22,23.88,312
78,2021-01-24,4.05,416
79,2021-07-10,38.3,459
80,2021-12-07,61.04,152
81,2020-06-02,130.57,116
82,2021-02-06,27.29,281
83,2020-07-07,25.1,315
84,2021-12-04,115.05,86
85,2020-03-24,12.75,450
86,2021-06-07,23.34,327
87,2020-07-17,50.16,21
88,2021-08-06,86.65,359
89,2020-06-13,143.07,464
90,2020-03-07,123.03,468
91,2020-09-08,79.46,183
92,2020-10-31,142.05,105
93,2021-03-30,46.99,181
94,2021-10-26,28.71,386
95,2021-11-26,67.03,251
96,2020-10-17,67.91,284
97,2020-04-23,8.53,167
98,2020-08-02,24.71,335
99,2021-12-20,124.66,355
100,2020-05-01,5.57,14
101,2021-03-10,15.79,25
102,2021-08-10,44.07,141
103,2020-09-05,72.5,360
104,2021-08-22,47.93,9
105,2020-12-26,77.65,283
106,2020-12-06,45.13,149
107,2020-04-01,23.28,184
108,2020-11-19,99.52,222
109,2020-07-26,69.59,296
110,2021-12-15,89.79,67
111,2020-09-06,142.31,254
112,2020-05-02,16.37,66
113,2020-11-04,51.22,62
114,2020-11-28,28.62,174
115,2020-02-03,25.14,348
116,2021-08-16,39.25,36
117,2021-07-27,82.04,416
118,2020-10-01,73.61,356
119,2021-11-17,106.65,444
120,2020-03-26,31.46,147
121,2020-11-09,95.75,391
122,2021-08-13,145.17,247
123,2020-08-07,56.41,101
124,2021-04-30,60.54,332
125,2021-07-19,117.81,128
126,2020-02-24,61.48,6
127,2021-02-05,53.64,288
128,2021-11-18,26.6,292
129,2021-03-28,56.64,56
130,2020-12-03,7.22,384
131,2020-05-29,138.86,33
132,2021-03-04,44.69,339
133,2021-11-19,97.28,220
134,2020-12-17,20.25,233
135,2021-04-06,112.4,179
136,2021-06-03,24,370
137,2020-09-04,131.44,474
138,2021-03-26,139.55,49
139,2020-10-27,130.55,6
140,2020-12-01,38.5,443
141,2020-08-04,18.96,463
142,2021-11-28,96.48,400
143,2020-05-02,109.84,442
144,2021-03-02,21.78,332
145,2020-06-27,126.11,179
146,2020-05-01,79.23,313
147,2020-08-01,9.35,95
148,2020-02-01,75.32,21
149,2021-03-08,80.96,120
150,2020-02-16,129.53,247
151,2020-10-03,94.92,303
152,2021-04-01,23.81,295
153,2020-11-28,125.12,470
154,2020-08-05,102.09,264
155,2021-08-15,99.96,470
156,2020-04-18,78.96,456
157,2020-09-25,142.88,493
158,2020-07-16,111.09,359
159,2021-03-19,78.06,444
160,2020-10-06,20.94,169
161,2020-02-14,91.87,257
162,2021-01-21,147.81,165
163,2020-06-06,136.32,281
164,2021-02-06,127.73,88
165,2021-11-25,97.26,105
166,2020-11-16,150.13,405
167,2020-09-28,103.76,271
168,2021-11-21,79.05,167
169,2021-07-09,88.43,256
170,2020-03-15,116.05,452
171,2021-01-17,112.57,236
172,2020-09-06,116.26,10
173,2020-04-15,77.3,233
174,2020-02-22,93.13,340
175,2021-03-02,49.09,134
176,2020-11-18,139.5,130
177,2020-02-26,116.57,327
178,2021-06-23,111.3,326
179,2021-07-26,56.7,194
180,2021-09-25,124.99,209
181,2021-05-05,112.58,148
182,2020-04-25,75.86,349
183,2020-09-26,97.2,388
184,2021-12-05,124.05,277
185,2020-06-29,116.3,353
186,2021-09-13,121.3,294
187,2021-07-27,136.23,195
188,2021-01-03,75.41,210
189,2020-03-30,101.07,19
190,2021-12-18,113.01,479
191,2020-09-23,60.77,300
192,2020-10-12,117.53,57
193,2021-03-11,33.99,197
194,2021-02-19,81.19,144
195,2021-02-12,76.57,14
196,2021-01-11,96.62,476
197,2021-05-02,75.41,89
198,2021-03-27,46.9,487
199,2021-09-30,16.48,414
200,2021-10-26,57.57,448
201,2020-11-09,59.61,399
202,2020-06-24,13.61,463
203,2020-02-16,63.27,407
204,2020-12-12,120.04,474
205,2021-02-02,120.1,335
206,2020-12-23,121.31,88
207,2021-11-24,28.86,136
208,2021-03-29,143.93,163
209,2021-08-16,41.77,390
210,2021-11-21,23.91,444
211,2021-12-25,86.2,384
212,2021-06-23,91.82,406
213,2020-07-28,149.24,468
214,2020-05-17,121.01,408
215,2021-10-21,65.79,419
216,2021-08-14,4.03,325
217,2021-08-05,19.91,137
218,2020-03-07,87.39,335
219,2021-02-02,79.31,426
220,2020-09-15,143.67,262
221,2020-10-21,150.49,225
222,2020-11-03,125.5,51
223,2020-12-05,124.98,42
224,2021-08-23,123.41,335
225,2020-11-23,92.55,242
226,2020-10-05,34.16,11
227,2020-05-03,149.66,232
228,2020-04-09,117.49,456
229,2020-02-22,136.83,73
230,2021-05-03,137.25,338
231,2021-11-10,38.56,115
232,2021-07-05,133.33,247
233,2020-06-28,127.51,173
234,2020-04-30,60.99,301
235,2020-09-11,14.2,168
236,2021-09-09,93.69,434
237,2020-04-02,42.09,25
238,2020-08-11,70.93,392
239,2021-06-23,134.85,57
240,2021-05-14,122.5,121
241,2020-06-11,111.58,384
242,2020-11-17,93.07,283
243,2021-07-12,131.18,252
244,2021-07-12,84.71,284
245,2021-07-05,80.22,430
246,2021-08-26,116.93,365
247,2021-09-28,126.49,431
248,2020-08-24,34.34,417
249,2021-02-07,110.5,254
250,2020-08-14,113.76,422
251,2020-07-01,128.04,83
252,2021-03-30,84.83,476
253,2020-08-21,103.95,189
254,2021-12-10,95.23,235
255,2021-07-31,143.05,132
256,2020-12-26,23.48,154
257,2021-04-10,42.71,369
258,2021-07-20,79.63,33
259,2021-03-14,93.4,323
260,2020-12-16,135.01,12
261,2020-09-09,102.49,12
262,2021-04-10,116.99,212
263,2021-11-28,108.42,63
264,2020-02-12,5.97,145
265,2021-03-14,108.68,304
266,2020-10-08,130.63,180
267,2021-01-14,138.64,372
268,2020-06-26,59.21,365
269,2021-08-12,10.7,429
270,2020-06-06,45.42,440
271,2020-06-15,87.8,34
272,2020-09-17,77.62,276
273,2021-07-29,56.15,194
274,2021-05-29,124.03,254
275,2021-03-22,2.39,94
276,2021-11-03,30.14,242
277,2021-11-21,101.23,392
278,2020-09-24,60.53,283
279,2021-03-02,83.29,280
280,2021-02-13,65.33,405
281,2021-08-11,30.4,491
282,2021-11-16,112.72,74
283,2020-09-06,97.89,3
284,2020-03-17,8.97,298
285,2020-05-05,130.65,452
286,2021-10-22,137.45,128
287,2021-06-09,53.64,94
288,2021-07-13,116.05,86
289,2020-06-06,18.6,460
290,2021-02-03,91.42,26
291,2021-06-02,30.52,493
292,2020-02-01,128.98,76
293,2020-09-20,124.31,105
294,2020-06-17,12.5,245
295,2020-03-26,114.32,193
296,2020-05-23,17.53,451
297,2020-10-21,144.18,49
298,2020-11-12,144.79,314
299,2021-06-10,138.49,284
300,2021-10-18,128.19,63
301,2021-03-23,49.88,13
302,2021-02-15,65.26,382
303,2020-05-16,83.02,81
304,2020-09-17,88.23,195
305,2021-09-17,103.41,432
306,2020-05-29,43.86,100
307,2021-12-23,35.22,415
308,2021-12-15,73.7,384
309,2021-04-03,62.57,469
310,2021-02-03,83.95,397
311,2020-09-21,12.81,280
312,2021-05-22,18.55,257
313,2020-09-01,114.61,127
314,2021-02-27,113.66,357
315,2021-04-12,116.36,217
316,2021-10-24,145.54,271
317,2021-08-27,120.17,55
318,2020-03-02,96.58,344
319,2021-05-06,33.28,428
320,2021-06-28,11.05,402
321,2021-02-26,37.1,229
322,2020-03-08,100.24,451
323,2020-03-13,129.4,324
324,2020-05-03,82.87,76
325,2021-12-05,36.89,104
326,2020-07-06,103.42,67
327,2020-12-28,141.43,384
328,2021-07-06,35.69,12
329,2020-03-14,121.32,401
330,2021-04-13,35.55,43
331,2021-09-02,100.51,422
332,2021-11-27,46.42,225
333,2020-03-17,118.69,178
334,2020-12-15,117.34,475
335,2021-10-03,49.42,71
336,2020-08-29,111.07,78
337,2020-06-09,34.08,424
338,2021-09-02,58.42,57
339,2021-12-05,69.37,42
340,2021-08-31,30.64,125
341,2020-10-28,140.7,411
342,2021-06-20,101.41,294
343,2020-07-06,5.21,457
344,2020-09-23,133.79,434
345,2021-03-01,133.88,202
346,2020-03-19,75.73,75
347,2021-12-23,90.23,344
348,2020-08-03,78.53,167
349,2021-10-22,106.14,188
350,2020-12-23,90.01,224
351,2021-06-12,142.83,153
352,2020-03-01,35.28,474
353,2021-11-28,1.71,266
354,2021-06-03,89.85,142
355,2021-10-20,111.62,450
356,2021-07-14,128.32,97
357,2021-11-29,62.66,255
358,2020-07-06,127.97,45
359,2020-09-23,21.45,281
360,2021-07-09,102.98,149
361,2020-06-07,117.06,418
362,2021-07-20,41.64,92
363,2020-08-28,99.38,17
364,2021-06-20,61.06,144
365,2021-06-20,51.02,478
366,2020-11-26,5.33,352
367,2021-10-03,25.65,335
368,2021-09-19,95.33,227
369,2020-11-03,92.19,317
370,2020-11-13,72.19,142
371,2020-09-03,86.37,369
372,2021-11-07,84.78,424
373,2020-02-26,85.82,102
374,2021-01-26,102.02,211
375,2020-10-17,41.12,435
376,2020-08-24,103.35,381
377,2021-07-14,114.1,406
378,2020-11-25,138.19,92
379,2021-01-18,59.19,121
380,2021-11-19,21.98,258
381,2021-10-02,25.29,481
382,2020-03-16,32.6,167
383,2020-11-21,80.43,469
384,2021-04-04,146.48,305
385,2020-09-24,143.42,210
386,2020-04-27,50.43,147
387,2021-01-25,45.67,365
388,2020-02-17,136.71,183
389,2021-12-05,59.99,362
390,2020-12-31,79.04,143
391,2020-08-11,112.34,240
392,2020-03-20,113.6,212
393,2021-06-13,62.81,176
394,2021-08-09,106.17,446
395,2021-07-15,21.1,97
396,2021-04-29,129.24,37
397,2021-06-27,41.64,465
398,2021-07-05,89.73,416
399,2021-01-17,79.72,387
400,2020-03-01,42.54,136
401,2021-02-10,127.74,317
402,2021-03-14,87.55,56
403,2020-11-30,37.24,223
404,2020-12-29,75.93,135
405,2020-05-12,89.44,186
406,2021-12-28,137.85,461
407,2020-07-02,23.83,444
408,2021-01-18,11.2,150
409,2021-10-05,130.9,95
410,2021-06-14,23.06,267
411,2021-06-05,115.81,49
412,2020-03-05,19.63,192
413,2020-06-01,123.76,401
414,2020-10-14,134.24,86
415,2020-04-23,12.42,45
416,2020-12-19,31.96,182
417,2021-03-13,34.49,48
418,2020-05-11,71.81,207
419,2020-08-04,119.42,352
420,2020-12-24,139.94,249
421,2021-08-05,84.31,471
422,2021-08-07,48.7,411
423,2020-09-14,1.04,397
424,2021-12-08,63.09,268
425,2020-03-02,131.61,349
426,2021-08-28,135.04,358
427,2020-04-13,103.85,202
428,2020-07-31,134.76,492
429,2021-01-10,74.39,159
430,2020-07-21,112.75,363
431,2021-03-26,115.91,282
432,2020-09-17,6.92,202
433,2021-03-21,15.38,47
434,2020-08-05,75.17,227
435,2021-02-15,98.52,357
436,2020-08-02,51.73,495
437,2020-11-03,37.03,316
438,2021-06-11,133.25,487
439,2020-08-25,5.07,454
440,2020-11-19,90.28,151
441,2020-05-24,3.8,434
442,2021-12-27,66.55,27
443,2021-09-09,96.82,163
444,2021-02-02,84.79,17
445,2021-01-23,80.63,292
446,2020-09-10,59.59,496
447,2021-05-24,79.79,439
448,2020-02-11,87.65,451
449,2020-05-30,61.69,35
450,2020-06-30,68.77,353
451,2021-01-10,58.34,39
452,2020-11-11,145.66,127
453,2020-06-30,74.05,186
454,2021-03-29,108.59,103
455,2020-11-09,115.28,369
456,2021-01-30,62.92,410
457,2021-06-23,150.23,409
458,2020-02-15,73.47,476
459,2020-12-11,44.13,218
460,2020-09-28,111.83,45
461,2021-01-21,101.12,141
462,2020-04-27,76.8,325
463,2021-11-27,52.69,89
464,2021-06-26,145.17,71
465,2020-03-18,36.4,32
466,2020-10-27,106.28,470
467,2021-01-12,132.78,69
468,2021-12-19,72.25,224
469,2020-08-13,97.02,32
470,2020-04-20,143.32,36
471,2020-02-24,27.8,429
472,2021-03-28,12.43,16
473,2021-03-29,54.1,164
474,2021-01-26,139.53,55
475,2021-01-06,32.11,440
476,2020-06-28,150,308
477,2021-12-11,145.35,27
478,2020-10-17,110.94,214
479,2020-05-30,72.03,132
480,2021-08-17,20.24,422
481,2020-10-21,131.55,242
482,2021-07-19,91.87,127
483,2020-07-06,2.18,80
484,2021-03-15,118.56,234
485,2020-05-02,75.51,108
486,2021-06-29,125.25,411
487,2021-12-17,54.98,68
488,2020-11-19,147.31,189
489,2020-02-20,51.29,460
490,2020-09-21,46.46,98
491,2020-02-08,22.04,339
492,2021-02-11,80.29,379
493,2021-05-26,139.37,271
494,2021-08-01,124.06,140
495,2020-08-17,133.88,493
496,2020-10-01,10.12,100
497,2021-04-29,68.15,309
498,2021-02-24,45.85,268
499,2021-09-18,12.08,443
500,2021-08-07,72.52,261
501,2021-01-30,129.69,258
502,2021-03-14,91.95,461
503,2020-06-26,4.95,218
504,2021-08-17,25.37,104
505,2021-03-22,42.68,488
506,2020-07-03,97.38,110
507,2020-12-06,37.45,314
508,2020-03-29,1.66,435
509,2020-05-13,134.36,291
510,2021-05-01,99.66,196
511,2020-05-25,6.17,194
512,2021-05-12,108.5,398
513,2021-08-21,7.8,231
514,2020-02-02,2.61,433
515,2021-09-18,133.19,457
516,2021-03-29,53.62,366
517,2020-08-17,109.72,394
518,2021-06-17,142.45,329
519,2021-07-31,125.35,151
520,2020-04-10,110.67,171
521,2021-07-14,78.69,188
522,2020-02-11,76.25,51
523,2021-05-22,122.36,152
524,2020-04-22,76.42,148
525,2021-03-08,24.63,35
526,2020-08-16,90.83,248
527,2021-12-06,116.99,23
528,2020-07-10,73.08,449
529,2020-09-09,124.95,161
530,2020-04-10,146.31,186
531,2021-09-09,108.2,219
532,2020-02-11,146.84,113
533,2020-04-08,98.5,433
534,2021-07-30,66.19,146
535,2021-05-02,44.99,54
536,2020-07-26,126.3,115
537,2021-02-23,97.63,94
538,2020-06-02,142.47,465
539,2021-07-29,90.95,329
540,2020-09-25,74.11,450
541,2021-01-09,13.36,488
542,2020-06-03,139.91,497
543,2020-07-19,66.74,76
544,2021-09-30,1.67,322
545,2020-07-06,125.33,349
546,2020-06-06,79.93,7
547,2021-05-31,31.31,414
548,2021-09-25,26.13,117
549,2020-03-30,111.83,447
550,2020-11-09,87.17,146
551,2021-01-04,149.49,90
552,2021-08-18,14.78,128
553,2021-08-16,38.4,440
554,2020-06-14,150.8,199
555,2020-10-29,54.28,354
556,2020-06-21,124.28,428
557,2020-06-06,49.74,14
558,2021-09-12,65.66,209
559,2020-03-20,139.53,404
560,2021-01-14,101.83,294
561,2021-09-02,139.67,480
562,2020-04-17,39.67,407
563,2021-05-06,79.41,282
564,2020-06-01,31.49,344
565,2020-02-04,48.52,256
566,2020-04-16,12.25,61
567,2021-05-14,51.65,197
568,2021-09-18,123.26,340
569,2020-05-05,14.75,289
570,2021-06-24,44.49,478
571,2021-04-25,8.71,416
572,2020-10-05,72.27,96
573,2020-03-17,84.84,274
574,2020-05-16,4.04,346
575,2020-12-21,54.99,22
576,2021-01-24,95.74,65
577,2021-03-12,119.58,152
578,2021-02-26,87.6,17
579,2020-07-24,117.74,7
580,2020-02-09,48.72,419
581,2020-04-07,70.59,233
582,2021-01-28,26.14,55
583,2020-02-06,147.02,369
584,2020-06-28,62.6,342
585,2021-09-28,34.52,426
586,2021-02-07,124.05,66
587,2021-12-10,126.29,80
588,2020-07-18,106.54,290
589,2020-04-05,40.21,476
590,2020-06-12,103.12,353
591,2021-07-28,70.12,33
592,2020-12-26,23.96,169
593,2021-11-28,63.57,248
594,2021-03-24,44.04,392
595,2021-11-05,133.4,282
596,2021-06-27,85.15,176
597,2021-03-01,130.46,63
598,2021-08-18,143.88,435
599,2020-05-10,53.12,183
600,2020-12-05,118.31,35
601,2020-12-10,79.71,270
602,2020-09-05,47.76,280
603,2020-09-17,86.06,283
604,2020-11-15,102.06,446
605,2020-05-29,122.59,208
606,2021-01-16,142.57,361
607,2021-02-06,25.9,109
608,2021-03-27,77.07,317
609,2020-09-18,43.07,451
610,2021-01-10,93.69,288
611,2020-05-13,141.18,292
612,2020-08-04,109.57,216
613,2020-05-16,84.98,210
614,2020-11-26,75.52,396
615,2021-07-29,31.51,301
616,2021-12-14,38.56,38
617,2021-05-18,4.23,53
618,2020-06-19,5.73,95
619,2021-12-03,78.3,373
620,2020-03-25,38.47,1
621,2021-10-13,122.25,96
622,2020-08-04,21.46,42
623,2021-12-04,102.73,85
624,2020-05-11,20.13,432
625,2020-04-28,48.98,149
626,2020-10-18,142.41,164
627,2021-05-07,121.02,379
628,2021-07-15,98.19,219
629,2020-12-04,3.64,330
630,2021-06-01,64.86,56
631,2020-05-04,102.59,215
632,2021-09-18,85.95,412
633,2021-06-05,68.51,16
634,2021-01-11,148.75,96
635,2021-10-05,35.45,450
636,2020-03-27,100.15,168
637,2021-12-28,73.03,44
638,2021-01-10,57.78,376
639,2020-10-26,75.97,413
640,2021-06-12,18.33,125
641,2021-09-18,64.32,485
642,2020-11-19,55.96,146
643,2021-10-10,134.02,123
644,2021-05-12,99.29,252
645,2020-10-13,95.96,400
646,2020-10-26,11,14
647,2020-03-15,104.56,478
648,2021-04-21,2.33,447
649,2020-08-09,76.85,374
650,2020-04-25,19.5,27
651,2021-03-11,99.51,261
652,2021-02-25,40.76,348
653,2021-05-26,20.81,303
654,2021-03-26,79.69,73
655,2021-12-18,133.41,233
656,2021-04-28,18.94,355
657,2021-10-30,11.39,302
658,2021-11-19,101.16,221
659,2020-07-01,78.52,105
660,2021-09-04,27.83,333
661,2020-03-23,55.61,295
662,2021-02-26,46.93,201
663,2021-11-10,21.9,168
664,2021-09-03,35.72,265
665,2020-06-29,12.29,299
666,2021-10-23,80.09,183
667,2020-03-16,112.69,387
668,2021-07-01,143.41,408
669,2020-04-10,64.63,126
670,2021-09-18,1.01,403
671,2021-08-01,107.98,296
672,2020-07-15,67,38
673,2020-06-21,62.39,222
674,2021-08-14,85.52,394
675,2021-08-11,51.55,85
676,2021-05-31,80.15,494
677,2020-05-27,134.93,73
678,2021-07-15,36.08,255
679,2020-07-10,21.86,341
680,2021-10-15,137.51,488
681,2021-10-01,137.12,167
682,2021-06-08,113.72,403
683,2021-09-05,67.55,480
684,2020-10-15,143.7,90
685,2021-12-16,132.55,244
686,2021-12-20,129.07,192
687,2020-08-05,8.69,7
688,2021-10-07,69.15,337
689,2021-09-12,89.18,126
690,2021-04-14,55.23,71
691,2020-04-17,137.27,361
692,2021-01-18,113.3,102
693,2020-05-24,137.39,212
694,2020-02-10,16.08,186
695,2020-08-01,20.86,220
696,2021-07-04,5.69,216
697,2020-03-18,71.75,328
698,2020-06-11,144.11,400
699,2020-04-12,136.7,298
700,2021-12-05,53.75,302
701,2020-06-13,10.44,430
702,2021-03-30,74.85,212
703,2020-04-27,2.85,323
704,2020-02-19,65.76,393
705,2020-04-12,86.48,274
706,2021-01-15,11.73,410
707,2020-11-10,21.79,49
708,2020-09-07,35.88,172
709,2020-08-27,89.13,57
710,2021-10-20,102.54,73
711,2021-12-27,130.71,371
712,2020-02-14,77.25,77
713,2021-07-24,68.68,139
714,2021-10-25,139.78,197
715,2021-09-18,139.26,298
716,2020-02-10,5,28
717,2020-06-26,28.9,384
718,2021-11-17,96.03,244
719,2021-12-31,137.09,267
720,2020-03-27,19.6,248
721,2021-05-17,77.23,317
722,2021-12-17,142.7,392
723,2021-03-17,67.02,35
724,2020-04-22,15.43,444
725,2020-10-08,54.38,221
726,2021-07-09,81.73,41
727,2021-03-22,55.09,114
728,2020-10-29,51.33,85
729,2021-11-05,65.98,17
730,2020-10-01,140.18,398
731,2020-04-14,64.73,12
732,2021-03-03,57.79,118
733,2020-05-29,75,213
734,2021-01-12,57.78,38
735,2021-10-09,36.66,300
736,2020-02-27,46.89,208
737,2020-02-04,33.21,451
738,2021-03-03,1.19,368
739,2020-08-10,42.16,353
740,2020-10-29,69.5,449
741,2021-09-17,51.26,184
742,2021-11-06,129.38,275
743,2021-08-24,51.91,419
744,2020-12-23,84.79,63
745,2020-07-03,116.66,258
746,2020-09-29,69.61,66
747,2020-09-11,71.78,487
748,2020-12-08,75.67,209
749,2020-11-06,77.56,221
750,2021-08-01,34.84,439
751,2020-04-02,50.83,306
752,2021-06-02,10.43,391
753,2020-03-12,106.38,464
754,2021-10-26,145.71,318
755,2021-01-20,74.82,240
756,2021-07-08,16.21,340
757,2020-09-28,8.02,356
758,2021-12-20,82.58,313
759,2021-05-28,111.24,41
760,2020-09-26,83.71,386
761,2020-04-19,64.31,374
762,2021-03-15,76.04,436
763,2020-06-13,142.81,12
764,2020-04-15,144.16,14
765,2020-09-04,66.15,300
766,2020-03-31,5.25,415
767,2021-12-25,88.46,439
768,2021-04-27,58.71,218
769,2021-08-27,144.17,429
770,2020-12-06,75.73,89
771,2020-04-19,33.74,106
772,2021-06-21,67.57,215
773,2020-12-26,112.49,343
774,2021-08-02,139.33,379
775,2021-12-30,20.51,142
776,2020-12-04,1.29,282
777,2021-01-15,6.07,200
778,2021-03-09,90.67,233
779,2020-06-19,144.52,403
780,2021-06-16,68.35,249
781,2020-05-29,63.95,132
782,2020-09-28,105.73,249
783,2021-10-28,46.29,78
784,2021-04-13,32.64,95
785,2021-08-17,64,282
786,2021-05-16,72.59,349
787,2020-04-03,48.73,188
788,2021-09-04,77.08,194
789,2020-08-26,54.31,165
790,2021-11-18,4.96,490
791,2020-12-10,96.61,146
792,2020-08-28,49.84,452
793,2020-12-27,109.31,15
794,2020-02-20,75.96,327
795,2021-12-23,53.7,80
796,2021-10-05,63.56,426
797,2020-03-16,97.3,488
798,2021-05-20,12.3,133
799,2021-10-15,98.36,148
800,2021-01-18,103.02,26
801,2020-12-29,128.57,51
802,2020-02-21,121.72,12
803,2020-09-28,74.46,119
804,2021-11-12,150.27,3
805,2021-06-10,102.32,178
806,2020-08-28,128.59,106
807,2021-02-05,42.97,81
808,2020-10-01,147.92,248
809,2020-10-20,22.17,434
810,2020-02-27,98.18,491
811,2020-11-18,11.17,199
812,2020-07-21,150.72,283
813,2020-06-16,99.44,342
814,2020-02-21,79.41,427
815,2020-07-14,2.11,49
816,2020-05-07,30.13,428
817,2020-03-06,66.28,471
818,2021-11-20,15.12,388
819,2020-03-22,12.78,178
820,2020-04-19,33.34,306
821,2020-02-11,120.06,461
822,2020-02-14,89.62,54
823,2020-08-02,74.73,163
824,2021-01-18,44.66,178
825,2021-10-10,96.22,311
826,2021-12-10,83.11,1
827,2020-06-03,37.86,76
828,2021-07-29,95.29,81
829,2020-04-04,126.06,78
830,2021-10-25,99.23,320
831,2020-02-28,8.96,446
832,2021-03-18,26.7,375
833,2020-03-30,27.44,246
834,2021-10-09,16.02,294
835,2021-08-27,68.87,458
836,2020-02-16,104.59,37
837,2021-10-11,7.55,393
838,2021-01-16,101.44,494
839,2021-12-13,39.6,354
840,2020-07-09,139.19,458
841,2020-09-07,75.21,420
842,2021-10-24,51.47,331
843,2020-02-14,145.21,164
844,2020-06-13,64.36,39
845,2020-03-05,119.58,17
846,2020-05-02,112.04,154
847,2021-02-14,91.82,173
848,2021-10-17,27.5,39
849,2021-09-24,12.34,202
850,2021-11-30,57.35,400
851,2021-08-09,99.32,214
852,2020-09-09,91.58,487
853,2020-07-31,104.6,200
854,2021-12-20,115.37,158
855,2020-03-19,60.64,172
856,2021-06-04,140.64,396
857,2020-07-22,43.16,147
858,2020-10-21,81.59,197
859,2021-07-04,77.14,331
860,2020-09-19,114.84,134
861,2021-05-31,100.69,33
862,2021-11-26,108.19,151
863,2021-03-30,143.92,499
864,2021-03-27,38.97,61
865,2021-07-01,111.18,79
866,2020-02-24,24.59,32
867,2020-04-04,86.99,128
868,2021-10-23,7.15,395
869,2021-01-01,24.14,195
870,2021-10-02,53.38,135
871,2020-05-19,23.09,474
872,2021-02-11,86.14,326
873,2020-11-09,36.06,445
874,2020-09-30,56.02,195
875,2021-12-04,129.8,179
876,2020-08-11,3.79,39
877,2021-09-09,127.72,487
878,2021-06-29,116.56,306
879,2020-03-12,54.34,498
880,2021-07-03,20.41,123
881,2021-07-19,90.86,225
882,2020-05-02,32.59,201
883,2020-05-08,74.01,252
884,2020-02-09,30.94,284
885,2020-10-03,150.83,480
886,2021-09-06,2.51,426
887,2020-05-30,96.87,484
888,2021-11-22,10.76,367
889,2021-09-07,18.87,319
890,2021-10-13,6.26,283
891,2020-11-22,52.08,174
892,2020-10-31,12.2,430
893,2020-08-01,32.44,258
894,2021-08-18,146.94,179
895,2021-01-27,10.43,291
896,2021-02-27,124.52,451
897,2020-10-06,33.28,421
898,2021-08-22,96.71,110
899,2020-10-26,43.51,376
900,2021-11-30,25.87,306
901,2021-05-01,144.62,353
902,2021-07-29,101.44,41
903,2021-06-30,47.25,302
904,2021-12-26,117.31,242
905,2020-06-09,31,67
906,2021-07-17,60.42,360
907,2020-11-08,146.39,310
908,2021-02-20,20.17,423
909,2021-05-23,21.83,86
910,2021-12-24,97.24,352
911,2021-01-25,24.1,389
912,2021-02-14,72.78,12
913,2021-02-24,61.81,108
914,2020-10-21,54.39,364
915,2020-03-06,21.91,63
916,2021-05-24,90.9,337
917,2021-12-01,67.14,165
918,2020-04-03,66.36,378
919,2021-02-09,7.8,150
920,2020-10-09,81.65,408
921,2020-07-09,22.1,47
922,2021-06-14,142.18,194
923,2021-07-31,38.68,84
924,2020-03-19,7.74,390
925,2021-03-26,52.85,9
926,2020-05-13,51.64,293
927,2021-03-08,22.89,407
928,2021-03-30,105.32,144
929,2020-03-21,52.29,250
930,2020-02-01,150.41,174
931,2020-03-18,137.98,118
932,2021-01-27,29.17,69
933,2020-05-19,50.16,390
934,2021-10-26,8.74,130
935,2021-01-25,106.91,110
936,2020-02-02,138.51,258
937,2021-04-27,81.95,203
938,2020-12-22,20.8,439
939,2020-09-22,108.17,13
940,2021-01-24,74.92,398
941,2021-05-14,121.87,122
942,2021-12-19,37.61,373
943,2020-12-09,102.58,381
944,2021-04-11,96.63,387
945,2021-04-08,124.42,92
946,2021-01-12,12.7,258
947,2020-10-26,87.33,225
948,2020-06-14,90.87,362
949,2020-08-25,24.26,139
950,2020-03-14,16.06,484
951,2021-11-26,144.23,89
952,2021-09-25,46.16,133
953,2020-11-19,80.91,117
954,2020-12-17,6.86,2
955,2021-12-15,132.71,456
956,2020-04-28,84.94,26
957,2021-09-01,69.12,422
958,2021-11-01,3.49,300
959,2020-10-31,37.95,451
960,2021-03-03,110.68,241
961,2020-11-07,144.21,67
962,2021-08-04,122.73,231
963,2020-05-13,113.52,2
964,2020-06-22,109.1,93
965,2021-07-07,62.53,393
966,2020-11-06,15.18,342
967,2020-07-11,19.06,282
968,2021-07-05,39.42,398
969,2021-04-21,20.22,325
970,2020-09-16,33.58,9
971,2020-11-18,140.18,476
972,2021-02-27,149.4,314
973,2021-12-19,57.1,475
974,2021-03-01,9.62,205
975,2021-06-05,73.93,156
976,2020-08-31,136.16,123
977,2020-02-28,76.94,79
978,2021-11-01,40.38,205
979,2021-05-12,114.41,246
980,2021-08-24,127.26,256
981,2020-07-26,69.92,178
982,2020-06-21,94.61,338
983,2020-04-29,48.54,355
984,2021-09-05,27.05,331
985,2020-03-26,22.88,147
986,2020-09-07,4.58,107
987,2021-08-17,87.8,9
988,2020-03-23,123.91,77
989,2021-06-30,50.62,172
990,2021-07-12,81.48,135
991,2021-02-26,122.43,86
992,2021-03-24,125.24,256
993,2021-01-18,114.34,450
994,2021-06-10,3.78,368
995,2020-10-21,101.24,81
996,2021-06-04,18.23,68
997,2021-12-20,17.67,453
998,2021-02-20,45.46,377
999,2021-07-29,43.24,133
1000,2021-10-08,17.55,85
1001,2021-04-05,30.21,294
1002,2021-01-26,25.24,372
1003,2020-08-10,57.63,77
1004,2020-05-13,40.59,363
1005,2020-08-11,142.3,310
1006,2020-06-05,82.81,212
1007,2021-03-16,111.37,149
1008,2020-10-11,69.44,252
1009,2020-07-16,75.24,241
1010,2021-02-23,20.1,272
1011,2021-09-20,98.28,302
1012,2021-11-08,96.29,326
1013,2020-08-01,127.29,452
1014,2021-03-01,124.92,463
1015,2020-12-12,59.75,10
1016,2020-08-17,49.1,455
1017,2020-11-09,87.7,479
1018,2021-01-14,129.32,53
1019,2020-09-23,20.92,302
1020,2020-10-01,93.93,270
1021,2020-07-19,68.63,254
1022,2020-05-15,61.35,190
1023,2020-06-28,26.81,197
1024,2020-12-24,24.75,135
1025,2020-10-23,60.01,225
1026,2020-07-15,142.16,106
1027,2020-07-07,74.11,122
1028,2020-02-01,125.19,260
1029,2021-12-11,10.36,227
1030,2020-12-05,82.89,58
1031,2020-03-02,27.24,354
1032,2021-01-18,117.43,211
1033,2020-11-14,141.53,311
1034,2021-10-24,35.78,425
1035,2020-07-18,42.91,470
1036,2020-03-29,149.28,404
1037,2020-02-02,42.91,427
1038,2021-04-08,85.5,179
1039,2021-09-23,79.64,267
1040,2021-10-29,104.66,51
1041,2021-03-21,99.24,253
1042,2021-07-14,124.91,175
1043,2021-03-11,16.45,108
1044,2020-05-16,149.47,147
1045,2021-08-31,72.82,151
1046,2021-07-14,111.97,230
1047,2021-12-20,147.88,142
1048,2021-02-18,90.75,251
1049,2021-11-16,118.8,193
1050,2020-10-08,76.6,471
1051,2020-09-14,11.42,389
1052,2020-04-10,47.3,207
1053,2020-09-20,17.92,388
1054,2020-02-01,59.58,273
1055,2021-11-18,132.71,180
1056,2020-07-25,117.46,418
1057,2021-09-27,144.56,258
1058,2021-10-04,88.36,367
1059,2021-06-02,38.93,33
1060,2020-03-20,87.75,423
1061,2021-03-17,11.17,125
1062,2021-01-19,37.15,322
1063,2021-04-17,70.38,86
1064,2020-02-08,73.9,311
1065,2021-09-29,57.12,496
1066,2021-12-16,21.73,173
1067,2020-10-18,106.38,301
1068,2021-01-28,35.46,412
1069,2021-06-06,30.03,227
1070,2021-11-02,85.65,334
1071,2020-11-12,127.12,250
1072,2021-09-16,109.34,264
1073,2020-04-20,129.01,157
1074,2021-10-29,66.92,319
1075,2020-08-03,15.69,406
1076,2020-08-11,15.8,44
1077,2021-08-10,57.91,236
1078,2021-06-14,119.67,418
1079,2020-10-27,80.38,492
1080,2021-08-03,124.35,498
1081,2021-06-24,101.88,249
1082,2021-10-05,20.21,143
1083,2021-10-05,83.31,89
1084,2020-11-23,24.49,380
1085,2020-07-11,26.4,54
1086,2021-02-25,119.18,192
1087,2021-07-17,113,359
1088,2020-06-05,61.73,10
1089,2020-05-17,30.78,386
1090,2020-03-16,4.36,77
1091,2021-02-08,34.36,422
1092,2020-12-31,14.04,351
1093,2020-06-06,70.44,125
1094,2021-01-19,101.28,332
1095,2020-12-07,122.3,110
1096,2021-01-04,137.2,378
1097,2020-07-26,123.45,92
1098,2020-02-16,127.68,352
1099,2020-12-19,35.8,37
1100,2020-04-28,102.82,55
1101,2020-07-18,58.08,308
1102,2021-09-12,59.66,491
1103,2020-12-16,67.69,140
1104,2021-11-14,23.32,435
1105,2021-06-02,24.03,343
1106,2021-01-31,127.58,456
1107,2021-11-15,111.23,88
1108,2020-02-06,131.14,194
1109,2020-05-05,13.17,311
1110,2020-07-21,24.5,384
1111,2020-03-08,4.06,214
1112,2021-02-04,105.08,386
1113,2020-05-20,106.1,255
1114,2021-08-07,115.67,200
1115,2021-01-18,123.24,386
1116,2020-11-05,140.73,306
1117,2020-05-31,72.03,148
1118,2021-05-27,19.96,459
1119,2021-10-06,61.77,23
1120,2021-04-23,79.58,86
1121,2021-08-08,23.31,456
1122,2021-08-03,5.29,387
1123,2021-11-24,137.64,274
1124,2020-07-19,97.77,41
1125,2020-02-02,132.95,211
1126,2021-12-10,119.98,214
1127,2020-02-28,75.4,174
1128,2021-12-16,33.22,295
1129,2020-06-30,80.6,294
1130,2020-03-07,123.9,188
1131,2020-11-30,116.86,436
1132,2020-10-01,108.67,389
1133,2020-10-09,1.19,181
1134,2020-04-07,52.41,321
1135,2021-09-20,61.41,389
1136,2020-11-24,45.06,376
1137,2021-05-31,35.9,160
1138,2020-11-22,76.98,472
1139,2020-12-27,39.71,436
1140,2021-08-25,44.04,361
1141,2021-11-25,36.51,127
1142,2021-11-13,70.99,367
1143,2020-07-25,134.63,260
1144,2020-10-20,66.32,7
1145,2020-02-20,144.13,355
1146,2021-12-04,70.02,433
1147,2021-08-14,48.8,454
1148,2021-07-23,10.37,289
1149,2020-08-10,78.2,260
1150,2020-08-25,128.09,128
1151,2021-09-13,146.57,92
1152,2020-10-26,75.71,120
1153,2020-03-25,106.32,4
1154,2021-05-21,112.24,21
1155,2021-12-23,34.53,260
1156,2021-02-03,101.84,488
1157,2021-08-04,147.93,432
1158,2020-11-26,3.85,425
1159,2020-07-09,55.13,436
1160,2020-02-06,123.28,396
1161,2021-02-14,38.86,200
1162,2021-09-27,67.51,275
1163,2020-09-13,129.32,125
1164,2021-11-10,129,188
1165,2020-10-01,8.92,119
1166,2021-04-12,89.62,245
1167,2020-08-06,64.02,84
1168,2020-02-06,89.67,261
1169,2021-12-27,62.8,154
1170,2021-08-08,20.41,298
1171,2020-12-10,54.48,488
1172,2021-11-06,95.01,251
1173,2020-12-01,76.24,208
1174,2020-04-29,8.5,413
1175,2021-10-05,133.95,386
1176,2020-09-15,88.69,480
1177,2021-08-08,28.06,249
1178,2020-07-02,29.5,237
1179,2021-11-23,1.9,305
1180,2021-03-14,40.42,309
1181,2020-02-18,55.9,85
1182,2020-12-06,52.44,245
1183,2021-04-02,11.06,407
1184,2020-12-02,59.21,37
1185,2020-03-06,54.12,46
1186,2021-04-07,40.42,249
1187,2020-06-01,147.14,161
1188,2020-07-09,129.18,101
1189,2020-05-23,87.92,96
1190,2020-03-17,63.14,240
1191,2021-12-26,119.33,34
1192,2021-06-11,133.2,146
1193,2021-11-18,53.15,394
1194,2021-07-25,68.62,75
1195,2020-02-22,132.8,319
1196,2021-03-08,145.96,391
1197,2021-02-20,112.13,122
1198,2021-11-09,127.82,459
1199,2020-12-08,23.5,297
1200,2020-04-14,8.11,335
1201,2021-06-05,21.03,421
1202,2020-10-12,85.77,444
1203,2021-09-21,150.57,36
1204,2020-11-01,85.72,491
1205,2021-08-12,58.6,98
1206,2020-08-14,140.74,427
1207,2021-06-07,129.3,287
1208,2020-09-02,145.07,196
1209,2021-05-20,75.14,329
1210,2020-03-27,56.68,178
1211,2020-09-26,98.66,64
1212,2020-09-03,47.89,33
1213,2020-02-27,86.99,454
1214,2021-08-21,139.06,439
1215,2021-06-15,110.81,144
1216,2021-06-29,123.95,489
1217,2020-03-01,50.36,9
1218,2021-08-07,122.06,488
1219,2021-02-08,111,430
1220,2021-06-22,106.68,253
1221,2021-04-26,56.51,79
1222,2021-12-15,18.56,363
1223,2020-06-25,40.66,282
1224,2020-09-18,17.75,454
1225,2020-05-27,3.96,146
1226,2020-04-19,78.31,57
1227,2020-07-20,4.68,153
1228,2021-01-20,131.9,176
1229,2021-09-28,128.45,16
1230,2020-05-29,127.92,75
1231,2021-08-06,45.97,67
1232,2020-08-02,64.84,260
1233,2020-05-03,68.99,100
1234,2020-02-17,49.76,161
1235,2020-03-06,130.55,237
1236,2021-08-03,44.88,236
1237,2020-03-07,139.03,238
1238,2021-01-04,45.14,349
1239,2020-12-22,54.79,352
1240,2021-01-02,148.95,190
1241,2021-02-07,131.56,450
1242,2021-05-04,49.59,187
1243,2020-12-30,124.99,365
1244,2021-10-16,57.88,451
1245,2021-03-13,65.29,489
1246,2020-08-20,42.06,122
1247,2021-08-15,16.04,352
1248,2021-03-15,112.5,261
1249,2021-04-07,42.64,267
1250,2021-09-07,43.08,21
1251,2020-02-13,26.44,367
1252,2020-05-16,38.22,440
1253,2021-01-25,86.75,264
1254,2021-10-19,36.86,171
1255,2021-11-07,122.19,493
1256,2020-09-04,107.16,106
1257,2021-06-27,40.93,242
1258,2021-09-07,88.73,441
1259,2020-06-17,31.8,141
1260,2020-12-28,30.02,162
1261,2020-08-17,80.8,165
1262,2020-12-28,52.39,389
1263,2020-07-01,65.95,496
1264,2021-09-24,60.68,74
1265,2020-05-05,2.79,474
1266,2020-03-23,46.3,228
1267,2021-09-05,50.97,360
1268,2020-11-29,99.43,402
1269,2020-02-24,129.7,468
1270,2020-12-05,88.35,458
1271,2021-04-12,47.04,53
1272,2020-06-30,140.33,138
1273,2020-07-02,70.31,319
1274,2020-07-14,31.51,371
1275,2021-02-17,29.79,378
1276,2021-01-22,81.37,141
1277,2021-12-31,82.65,386
1278,2020-12-13,135.01,327
1279,2021-10-12,120.67,118
1280,2021-07-01,87.23,298
1281,2020-05-03,3.69,326
1282,2020-03-21,127.53,346
1283,2021-05-11,62.27,427
1284,2021-04-01,97.95,84
1285,2020-06-26,74.6,104
1286,2020-03-04,127.26,73
1287,2020-02-06,22.02,423
1288,2021-10-21,22.01,324
1289,2021-09-18,65.11,438
1290,2020-09-06,45.75,84
1291,2020-02-29,94.04,271
1292,2020-02-02,11.67,232
1293,2021-04-30,112.77,323
1294,2020-09-26,126.13,284
1295,2020-06-06,14.78,480
1296,2021-01-12,33.73,290
1297,2020-04-25,33.35,215
1298,2021-01-24,6.95,358
1299,2021-11-30,93.84,155
1300,2020-02-04,67.41,19
1301,2021-12-21,66.1,152
1302,2020-08-11,118.39,291
1303,2021-07-09,28.26,449
1304,2020-10-10,59.43,479
1305,2021-12-14,110.42,8
1306,2020-10-13,144.99,462
1307,2021-07-01,136.66,458
1308,2021-02-18,92.96,154
1309,2020-04-04,57.72,322
1310,2020-02-16,33.66,162
1311,2020-04-13,25.11,362
1312,2021-05-09,25.79,354
1313,2021-05-26,12.3,110
1314,2021-02-20,127.08,153
1315,2021-05-23,60.37,149
1316,2020-12-14,81.29,446
1317,2020-06-02,98.48,309
1318,2021-05-27,101.73,2
1319,2021-08-05,79.58,342
1320,2020-07-03,59,448
1321,2020-12-11,13.51,37
1322,2021-06-18,98.06,482
1323,2021-12-24,21.29,208
1324,2021-10-31,16.26,484
1325,2020-11-06,84.64,98
1326,2020-05-02,1.42,240
1327,2020-02-09,22.76,61
1328,2021-09-29,105.06,104
1329,2021-02-02,136.41,234
1330,2021-09-17,87.31,239
1331,2021-07-27,100.12,339
1332,2021-05-22,117.87,212
1333,2020-09-28,67.7,427
1334,2021-08-05,149.72,203
1335,2021-05-01,118.11,318
1336,2020-08-20,125.95,159
1337,2021-10-06,32.69,103
1338,2020-09-08,4.74,379
1339,2020-06-03,16.94,415
1340,2021-11-25,140.76,27
1341,2021-02-22,76.11,487
1342,2020-05-30,123.8,394
1343,2021-07-17,77.93,241
1344,2021-11-08,13.4,277
1345,2021-02-01,107.24,391
1346,2021-07-04,27.64,417
1347,2020-03-24,127.26,213
1348,2021-12-12,24.34,168
1349,2021-04-21,35.87,162
1350,2020-06-08,126.95,26
1351,2021-04-05,63.08,229
1352,2021-07-21,9.04,250
1353,2020-06-22,82.68,95
1354,2020-02-04,141.35,401
1355,2021-03-23,141.67,134
1356,2020-03-10,104.57,303
1357,2020-04-01,123.13,48
1358,2020-12-29,146.09,487
1359,2020-03-18,26.55,402
1360,2021-01-05,93.82,236
1361,2021-05-14,65.67,174
1362,2021-05-02,34.63,190
1363,2020-03-07,28.91,222
1364,2020-04-12,6.15,312
1365,2020-12-12,131.5,78
1366,2021-06-15,118.11,38
1367,2020-06-28,63.57,422
1368,2021-04-11,47.3,6
1369,2021-01-20,59.13,463
1370,2020-11-10,74.4,420
1371,2020-03-06,29.13,419
1372,2021-02-26,124.49,419
1373,2020-03-03,60.91,236
1374,2020-03-16,5.24,157
1375,2021-02-04,16.64,200
1376,2021-10-02,36.88,405
1377,2020-04-07,69.44,332
1378,2020-03-15,145.89,125
1379,2021-09-07,22.67,116
1380,2021-06-16,37.49,446
1381,2020-12-09,99.02,453
1382,2020-11-08,21.11,89
1383,2021-09-22,56.82,96
1384,2021-09-10,116.7,362
1385,2020-08-12,130.54,247
1386,2021-11-15,34.73,129
1387,2020-08-21,110.71,209
1388,2020-06-13,98.94,64
1389,2020-04-15,67.56,403
1390,2021-09-10,135.75,271
1391,2021-02-03,71.43,391
1392,2020-10-10,28.26,400
1393,2020-09-17,78.12,13
1394,2020-12-03,80.89,452
1395,2020-03-01,5.21,444
1396,2020-04-05,78.95,78
1397,2020-07-20,31.2,43
1398,2020-08-02,69.91,430
1399,2020-04-08,138.58,383
1400,2021-01-29,125.89,223
1401,2021-04-22,16.11,112
1402,2021-11-21,67.32,85
1403,2020-06-15,59.64,17
1404,2020-11-29,141.05,378
1405,2020-02-29,34.83,381
1406,2021-10-20,112.13,282
1407,2021-09-17,83,127
1408,2020-04-25,79.86,98
1409,2020-05-16,117.3,162
1410,2020-10-16,131.23,121
1411,2021-01-20,133.83,483
1412,2021-09-17,139.31,323
1413,2021-03-08,120.25,46
1414,2020-07-22,20.39,374
1415,2021-02-02,25.91,428
1416,2021-02-06,48.93,341
1417,2020-12-03,57.47,162
1418,2020-08-11,130.82,356
1419,2020-11-24,136.24,159
1420,2021-07-04,19.68,456
1421,2021-06-12,27.58,401
1422,2021-06-05,143.18,249
1423,2020-02-14,101.87,366
1424,2021-06-15,117.11,391
1425,2020-06-05,148.61,304
1426,2021-08-07,37.27,92
1427,2021-07-04,4.33,344
1428,2021-10-05,138.98,62
1429,2021-05-11,63.02,32
1430,2021-08-31,84.54,233
1431,2020-05-25,87.96,195
1432,2021-04-04,110.87,15
1433,2021-02-16,50.58,260
1434,2021-11-25,94.68,7
1435,2020-12-10,90.64,290
1436,2021-07-06,28.77,220
1437,2021-06-13,75.54,85
1438,2020-12-05,14.16,259
1439,2021-07-15,95.68,148
1440,2021-12-30,16.89,388
1441,2021-03-20,45.45,474
1442,2021-07-18,138.01,82
1443,2020-05-25,135.89,492
1444,2021-01-04,68.62,102
1445,2021-02-21,8.17,63
1446,2021-07-23,91.08,293
1447,2021-08-02,81.75,262
1448,2021-07-03,108.68,349
1449,2021-05-16,98.81,124
1450,2020-03-16,4.9,182
1451,2021-09-15,104.45,484
1452,2020-08-12,79.57,429
1453,2020-12-01,59.79,269
1454,2021-06-03,46.65,13
1455,2021-09-13,87.88,471
1456,2020-03-06,18.82,299
1457,2020-07-21,140.6,34
1458,2021-02-27,141.86,45
1459,2021-05-04,112.42,453
1460,2020-03-10,104.98,85
1461,2021-10-29,74.95,282
1462,2020-02-01,17.15,69
1463,2021-08-26,150.86,356
1464,2021-03-02,14.31,329
1465,2021-01-03,130.99,438
1466,2021-11-19,5.87,31
1467,2020-11-21,42.36,118
1468,2021-12-22,62.67,49
1469,2020-02-09,1.53,406
1470,2020-06-26,131.68,316
1471,2021-03-13,119.8,42
1472,2020-12-26,100.38,261
1473,2020-07-18,17.43,142
1474,2021-06-09,19.07,114
1475,2021-01-12,85.08,431
1476,2020-03-07,54.67,398
1477,2020-04-14,105.59,199
1478,2020-02-16,97.09,96
1479,2021-02-25,66.94,373
1480,2020-12-30,129.88,462
1481,2021-10-05,4.33,230
1482,2020-06-03,37.56,240
1483,2020-07-09,28.78,297
1484,2020-09-07,35.05,272
1485,2021-04-07,60.37,306
1486,2021-05-14,50.89,229
1487,2020-05-24,144.82,128
1488,2021-01-25,127,354
1489,2020-08-29,147.9,104
1490,2021-05-04,41.8,271
1491,2020-07-18,112.24,112
1492,2020-02-29,144.22,342
1493,2021-12-25,20.08,433
1494,2021-05-16,121.01,4
1495,2021-03-18,101.65,129
1496,2021-10-02,76.35,229
1497,2020-12-17,143.42,267
1498,2020-10-07,77.46,396
1499,2021-03-11,12.42,86
1500,2021-11-27,118.47,390
1501,2021-08-24,128.65,444
1502,2021-03-31,138.19,125
1503,2020-08-03,51.05,276
1504,2021-01-31,127.26,55
1505,2021-05-31,21.14,375
1506,2021-09-14,141.07,477
1507,2021-08-27,112.79,380
1508,2020-06-25,146.48,296
1509,2021-05-05,65.52,162
1510,2021-12-09,90.49,119
1511,2020-03-18,77.24,104
1512,2020-09-24,27.43,106
1513,2020-04-13,139.45,223
1514,2021-12-31,39.66,455
1515,2021-03-08,68.84,284
1516,2020-10-27,141.15,312
1517,2021-03-05,74.94,109
1518,2020-11-08,53.31,410
1519,2021-06-17,50.77,141
1520,2021-10-28,29.31,385
1521,2021-07-19,48.35,447
1522,2021-05-06,146.72,40
1523,2020-11-11,122.82,216
1524,2021-01-06,45.1,137
1525,2021-01-26,136.91,24
1526,2021-06-10,41.24,354
1527,2020-06-27,67.58,421
1528,2021-12-27,73.9,394
1529,2020-11-12,42.66,352
1530,2020-05-21,126.81,56
1531,2020-11-21,58.33,4
1532,2021-09-25,145.04,451
1533,2020-04-17,15.76,127
1534,2021-07-07,70.43,141
1535,2020-12-10,126.97,174
1536,2021-02-04,79.67,490
1537,2020-09-13,42.52,386
1538,2021-04-09,45.95,432
1539,2020-05-03,59.84,14
1540,2020-05-08,16.9,157
1541,2021-02-11,110.19,231
1542,2021-06-17,53.57,136
1543,2021-07-16,10.21,306
1544,2020-09-21,36.53,118
1545,2021-01-17,92.82,444
1546,2020-10-01,92.18,424
1547,2020-10-03,77.68,294
1548,2020-09-08,51.01,237
1549,2021-07-05,27.26,416
1550,2021-01-14,122.76,314
1551,2020-05-21,105.47,425
1552,2020-11-26,55.63,416
1553,2020-05-10,19.95,256
1554,2020-08-17,60.84,346
1555,2021-11-11,129.31,77
1556,2021-04-14,11.17,237
1557,2021-08-19,93.15,124
1558,2021-10-09,66.89,105
1559,2021-05-11,16.23,293
1560,2020-06-20,7.26,238
1561,2020-03-20,51.48,290
1562,2021-03-11,62.02,126
1563,2020-11-15,123.36,60
1564,2020-10-10,3.97,13
1565,2020-06-29,99.31,121
1566,2020-08-11,9.45,53
1567,2020-04-24,91.95,204
1568,2021-03-04,134.24,322
1569,2021-05-30,113.11,190
1570,2021-05-22,147.22,212
1571,2021-06-15,92.18,32
1572,2020-04-13,22.79,24
1573,2021-08-24,118.74,449
1574,2021-10-17,144.44,358
1575,2021-06-04,141.55,410
1576,2021-09-08,131.94,425
1577,2021-04-22,108.89,413
1578,2020-10-17,30.44,417
1579,2021-10-02,79.23,43
1580,2021-03-01,45.87,48
1581,2020-07-12,51.86,75
1582,2021-10-19,100.6,459
1583,2021-09-21,22.52,356
1584,2020-09-05,27.82,379
1585,2020-10-01,49.68,347
1586,2021-11-02,4.41,440
1587,2020-12-14,124.37,422
1588,2021-12-20,59.66,351
1589,2020-12-12,39.47,77
1590,2021-10-17,91.15,468
1591,2020-06-08,120.52,97
1592,2021-03-08,13.58,154
1593,2020-02-25,55.96,321
1594,2021-11-14,71.29,439
1595,2021-09-13,136.3,88
1596,2020-06-19,117.3,440
1597,2021-10-11,82.63,353
1598,2021-01-08,65.82,369
1599,2021-01-02,65.52,394
1600,2021-04-29,69.29,118
1601,2020-07-04,24.54,24
1602,2021-04-06,75.36,126
1603,2020-10-04,59.82,218
1604,2021-07-09,29.17,173
1605,2021-10-20,49.62,434
1606,2020-12-16,149.09,41
1607,2021-06-10,32.56,124
1608,2020-12-15,22.32,355
1609,2021-02-24,111.95,27
1610,2020-02-08,144.39,7
1611,2021-05-29,6.57,460
1612,2021-05-08,51.57,131
1613,2020-12-19,37.16,136
1614,2021-01-12,14.79,270
1615,2021-07-07,51.01,248
1616,2020-11-12,91.46,455
1617,2020-02-22,17.74,144
1618,2020-04-08,122.74,491
1619,2021-06-17,79.55,8
1620,2021-02-15,54.61,240
1621,2021-04-20,133.06,383
1622,2021-06-09,89.88,54
1623,2021-10-15,1.83,228
1624,2021-10-01,52.97,389
1625,2021-06-24,80.27,85
1626,2020-05-21,121.84,247
1627,2021-02-14,28.14,471
1628,2020-02-27,28.18,316
1629,2020-05-19,93.42,176
1630,2020-06-07,127.31,123
1631,2020-02-09,32.94,371
1632,2021-07-22,62.95,163
1633,2021-09-27,24.25,401
1634,2021-01-26,63.9,277
1635,2021-04-01,113.89,112
1636,2020-11-26,36.03,282
1637,2021-03-30,12.76,315
1638,2021-09-17,62.5,226
1639,2021-02-17,9.52,253
1640,2020-11-27,123.97,75
1641,2020-02-09,62.2,395
1642,2020-08-07,132.12,328
1643,2021-01-20,134.7,140
1644,2021-11-20,51,460
1645,2021-01-13,62.02,74
1646,2020-07-20,72.03,349
1647,2021-06-17,117.3,458
1648,2020-08-02,15.39,36
1649,2020-05-03,75.9,287
1650,2021-06-01,54.75,374
1651,2021-06-07,83.52,364
1652,2021-08-17,25.89,444
1653,2020-03-18,89.91,193
1654,2020-02-27,7.05,176
1655,2021-05-12,100.63,12
1656,2020-05-01,94.67,42
1657,2020-03-18,131.21,22
1658,2020-09-10,35.07,35
1659,2021-08-12,16.6,165
1660,2020-02-04,47.01,210
1661,2020-12-22,127.36,148
1662,2021-08-14,88.58,211
1663,2020-06-13,100.59,25
1664,2020-05-25,17.26,484
1665,2021-12-25,108.85,273
1666,2020-02-14,30.97,411
1667,2021-01-23,10.18,325
1668,2021-07-05,74.17,220
1669,2021-10-20,134.92,299
1670,2020-06-26,77.15,105
1671,2021-01-20,63.19,146
1672,2021-07-15,11.96,143
1673,2021-11-06,11.39,289
1674,2021-03-10,25.91,449
1675,2021-09-14,123.9,434
1676,2020-04-29,112.06,419
1677,2021-11-27,27.95,130
1678,2020-03-07,115.72,371
1679,2020-06-19,121.07,106
1680,2021-11-30,29.69,322
1681,2020-12-12,17.1,369
1682,2021-06-15,9.73,75
1683,2020-07-08,86.75,162
1684,2021-02-21,116.74,141
1685,2021-11-03,131.39,439
1686,2021-01-06,117.25,275
1687,2020-08-17,50.75,212
1688,2020-08-22,144.86,181
1689,2020-09-04,86.05,380
1690,2021-04-11,103.01,460
1691,2020-08-02,105.6,345
1692,2020-12-21,38.31,59
1693,2020-06-20,74.47,437
1694,2021-02-26,60.77,342
1695,2021-04-15,118.79,300
1696,2021-04-26,1.63,2
1697,2020-10-24,88.74,338
1698,2020-11-23,15.07,392
1699,2021-06-07,28.67,461
1700,2021-08-01,6.77,466
1701,2020-04-14,82.58,354
1702,2020-12-13,79.19,7
1703,2021-08-24,43.19,264
1704,2021-12-25,125.72,199
1705,2021-06-20,81.61,220
1706,2021-04-28,107.17,383
1707,2021-08-05,125.05,163
1708,2021-10-06,71.75,253
1709,2020-07-08,41.7,282
1710,2020-03-04,13.79,103
1711,2021-04-23,134.31,436
1712,2021-05-04,67.37,28
1713,2021-11-10,129.39,294
1714,2021-08-28,51.96,234
1715,2021-05-05,138.96,205
1716,2020-03-22,8.8,124
1717,2021-07-09,68.37,83
1718,2020-07-04,76.41,472
1719,2020-03-13,103.31,163
1720,2021-12-03,73.78,91
1721,2021-03-28,45.4,361
1722,2020-12-17,64.96,421
1723,2020-07-25,63.29,184
1724,2021-10-30,8.63,184
1725,2021-02-03,118.79,354
1726,2021-11-15,41.24,125
1727,2021-04-30,118.84,105
1728,2020-02-18,66.73,315
1729,2020-02-05,53.03,453
1730,2020-10-01,27.65,298
1731,2020-03-01,69.44,178
1732,2021-10-19,76.12,157
1733,2021-07-01,140.84,29
1734,2020-06-24,65.9,11
1735,2021-12-28,87.2,379
1736,2020-09-23,55.67,269
1737,2020-04-12,71.16,146
1738,2020-05-29,35.01,216
1739,2020-07-15,140.1,449
1740,2021-11-10,57.18,141
1741,2021-09-01,109.23,339
1742,2021-10-19,99.13,49
1743,2020-03-24,122.54,288
1744,2021-09-01,134.98,234
1745,2021-07-18,26.16,264
1746,2021-06-07,37.65,300
1747,2021-05-17,124.33,48
1748,2021-09-11,60.53,414
1749,2020-02-02,61.84,490
1750,2021-09-22,61.45,241
1751,2020-05-27,134.62,27
1752,2020-10-30,36.29,148
1753,2020-03-22,138.88,385
1754,2021-02-17,91.33,252
1755,2021-09-16,64.31,247
1756,2020-02-26,105.24,425
1757,2020-09-12,107.96,12
1758,2020-03-04,90.04,277
1759,2020-08-09,46.4,360
1760,2021-09-16,122.17,98
1761,2020-07-22,136.9,191
1762,2020-07-11,133.71,147
1763,2021-10-27,46.28,365
1764,2021-01-31,65.2,251
1765,2020-05-21,113.29,384
1766,2020-08-03,67.5,189
1767,2020-05-04,94.59,391
1768,2021-11-17,52.97,201
1769,2021-06-09,115.37,299
1770,2020-08-16,68.29,356
1771,2021-02-02,136.93,179
1772,2021-07-16,94.74,400
1773,2020-02-26,107.37,162
1774,2020-09-14,88.44,221
1775,2020-04-29,62.93,198
1776,2020-05-03,23.6,340
1777,2021-11-26,103.25,386
1778,2021-07-28,30.83,320
1779,2020-10-15,106.65,240
1780,2020-07-24,134.95,482
1781,2021-03-15,44.22,434
1782,2020-05-27,107.32,216
1783,2020-09-27,56.87,182
1784,2020-04-08,13.26,315
1785,2021-05-10,16.27,483
1786,2020-09-04,82.79,35
1787,2021-03-30,131.32,15
1788,2021-10-08,76.74,404
1789,2020-04-01,75.41,102
1790,2020-05-26,110.06,454
1791,2021-02-12,102.64,154
1792,2020-11-05,110.84,128
1793,2021-06-04,49.2,3
1794,2020-10-09,84.94,240
1795,2021-09-08,57.51,447
1796,2021-02-21,132.39,326
1797,2020-04-12,131.91,59
1798,2020-04-21,140.96,467
1799,2021-08-24,8.4,280
1800,2021-11-27,29.46,226
1801,2020-04-20,98.02,136
1802,2020-10-01,126.44,419
1803,2021-09-09,108.16,95
1804,2021-12-15,102.75,304
1805,2021-09-21,50.81,2
1806,2021-11-06,144.24,30
1807,2021-08-07,56.72,132
1808,2021-03-23,17.26,165
1809,2020-03-25,71.63,409
1810,2020-12-28,149.33,346
1811,2021-05-02,64.87,192
1812,2021-03-06,118.21,113
1813,2020-04-30,42.27,217
1814,2020-03-11,1.43,111
1815,2021-01-20,65.56,223
1816,2021-12-03,82.17,260
1817,2021-11-13,122.78,311
1818,2021-08-07,82.14,44
1819,2021-11-27,103.43,39
1820,2021-12-13,107.61,411
1821,2020-11-22,121.15,306
1822,2020-04-09,61.37,206
1823,2021-07-17,139.22,37
1824,2020-08-04,119.68,441
1825,2021-07-07,52.64,26
1826,2021-04-08,47.25,142
1827,2020-12-26,34.28,317
1828,2020-05-03,135.68,492
1829,2020-08-22,47.73,458
1830,2021-01-06,29.85,112
1831,2021-03-02,100.52,169
1832,2020-04-12,125.69,139
1833,2021-08-22,39.18,423
1834,2020-10-10,65.44,232
1835,2020-03-17,111.34,498
1836,2021-03-12,117.01,38
1837,2020-04-01,10.5,478
1838,2021-07-22,42.18,315
1839,2020-02-13,139.17,330
1840,2021-06-12,131.15,158
1841,2021-04-23,128.64,84
1842,2021-06-06,143.95,475
1843,2020-08-15,92.52,168
1844,2021-06-02,121.54,382
1845,2020-09-03,42.24,424
1846,2020-11-11,45.54,277
1847,2020-03-06,139.85,103
1848,2021-08-09,90.18,106
1849,2021-07-27,58.72,291
1850,2020-12-16,28.19,314
1851,2021-03-17,4.33,208
1852,2020-02-04,126.62,420
1853,2021-02-24,122.57,326
1854,2021-05-16,128.28,64
1855,2021-05-06,17.45,438
1856,2020-12-05,44.14,108
1857,2021-01-17,140.12,497
1858,2021-02-28,35.15,272
1859,2020-09-28,122.18,392
1860,2020-07-02,39.08,439
1861,2021-04-01,142.66,65
1862,2020-03-07,32.43,349
1863,2020-10-22,32.69,26
1864,2020-12-05,147.09,109
1865,2020-04-06,15.05,433
1866,2021-11-27,137.96,457
1867,2021-03-21,47.66,91
1868,2020-08-01,64.33,271
1869,2021-09-16,32.99,163
1870,2020-07-01,97.99,476
1871,2021-03-05,86.75,290
1872,2021-04-03,12.9,237
1873,2021-09-05,92.58,148
1874,2021-05-11,59.36,6
1875,2020-08-03,84.18,405
1876,2020-12-30,15.5,262
1877,2021-01-04,38.18,299
1878,2021-08-09,77.72,373
1879,2020-06-09,61.32,384
1880,2020-10-31,107.8,303
1881,2020-11-08,17.19,382
1882,2020-06-01,150.25,328
1883,2020-11-24,134.65,153
1884,2020-09-29,61.92,219
1885,2021-05-13,16.24,40
1886,2020-09-03,119.45,246
1887,2020-10-24,77.16,198
1888,2020-08-10,120.79,140
1889,2021-09-29,7.44,304
1890,2021-07-12,81.85,130
1891,2020-07-01,75.3,288
1892,2021-03-12,129.85,106
1893,2020-06-27,56.15,382
1894,2021-09-17,87.28,100
1895,2021-01-31,116.99,482
1896,2020-12-15,50.65,114
1897,2021-04-14,41.62,277
1898,2021-11-28,100.14,354
1899,2021-06-24,119.13,436
1900,2021-12-20,23.45,357
1901,2020-12-12,80.18,311
1902,2020-03-01,139.22,255
1903,2020-10-10,139.26,365
1904,2020-02-27,26.26,259
1905,2021-06-14,105.99,433
1906,2020-09-07,14.24,230
1907,2020-06-08,16.86,353
1908,2020-05-09,104.89,352
1909,2021-06-23,12.19,239
1910,2021-05-30,129.17,172
1911,2021-01-06,26.38,128
1912,2020-10-24,33.78,121
1913,2021-03-15,150.34,463
1914,2021-10-13,49.79,337
1915,2020-09-05,52.28,265
1916,2021-01-13,147.61,181
1917,2020-04-25,141.12,284
1918,2020-10-20,6.12,489
1919,2021-03-23,9.04,239
1920,2021-06-01,143.55,11
1921,2021-11-28,114.38,158
1922,2020-04-17,40.55,148
1923,2020-05-18,80.21,132
1924,2020-12-22,138.79,470
1925,2021-11-01,73.81,488
1926,2021-07-09,8.16,343
1927,2021-03-13,10.57,276
1928,2021-07-08,147.84,499
1929,2020-03-22,85.64,360
1930,2020-04-16,108.1,154
1931,2021-11-29,107.85,44
1932,2021-01-06,51.44,155
1933,2021-03-01,34.53,194
1934,2020-12-28,59,124
1935,2020-05-03,76.9,493
1936,2021-12-18,57.97,107
1937,2021-05-29,42.04,104
1938,2020-12-26,87.77,334
1939,2020-05-01,85.72,46
1940,2020-05-02,9.94,239
1941,2020-09-06,47.81,429
1942,2020-05-30,112.2,483
1943,2020-10-10,122.72,396
1944,2021-05-10,74.86,276
1945,2021-08-08,119.77,356
1946,2020-09-02,124.16,305
1947,2021-09-16,12.66,351
1948,2020-12-27,114.61,145
1949,2020-04-22,55.72,261
1950,2021-02-07,9.71,6
1951,2021-01-26,118.41,353
1952,2020-09-17,24.1,315
1953,2020-03-24,79.92,391
1954,2021-09-30,23.43,156
1955,2021-03-10,40.11,488
1956,2020-06-19,137.38,469
1957,2021-12-12,38.21,232
1958,2020-11-22,37.52,108
1959,2020-06-04,48.92,331
1960,2020-04-17,142.78,160
1961,2020-02-07,49.35,456
1962,2021-07-26,129.51,64
1963,2021-04-07,37.33,84
1964,2020-09-16,122.47,487
1965,2021-04-01,145.97,77
1966,2021-07-28,142.76,307
1967,2021-11-07,27.46,48
1968,2020-07-21,25.16,405
1969,2020-09-22,129.24,15
1970,2021-06-17,64.96,442
1971,2020-09-20,105.6,91
1972,2020-07-17,59.29,473
1973,2021-09-29,108.66,85
1974,2021-01-23,39.26,206
1975,2021-06-04,66.22,391
1976,2020-05-14,36.9,173
1977,2021-01-23,81.87,463
1978,2021-10-06,17.57,468
1979,2021-08-29,64.18,402
1980,2020-03-06,110.75,430
1981,2020-11-17,54.3,70
1982,2021-03-19,27.6,70
1983,2021-03-29,7.56,115
1984,2021-06-13,54.76,43
1985,2020-03-21,145.23,376
1986,2021-02-21,141.89,487
1987,2021-03-19,7.69,411
1988,2021-12-20,29.26,43
1989,2021-01-10,37.36,42
1990,2020-10-30,150.03,83
1991,2021-02-25,50.92,441
1992,2020-04-30,105.89,356
1993,2020-09-27,96.32,413
1994,2021-02-02,2.53,401
1995,2021-10-27,66.16,219
1996,2020-06-13,80.43,205
1997,2020-06-15,94.33,306
1998,2021-11-29,62.62,428
1999,2020-06-05,138.78,317
2000,2020-12-27,8.73,362
2001,2020-12-13,40.52,195
2002,2021-09-23,78.98,277
2003,2021-03-29,45.3,289
2004,2021-10-23,86,175
2005,2021-10-30,116.26,332
2006,2020-11-18,63.14,6
2007,2020-11-25,46.51,210
2008,2021-04-20,65.63,281
2009,2020-07-29,137.61,36
2010,2021-05-02,64.12,32
2011,2020-04-27,136.99,495
2012,2021-04-28,1.83,473
2013,2021-07-30,36.1,363
2014,2021-03-20,56.47,220
2015,2020-12-23,42.28,425
2016,2021-08-22,41.9,485
2017,2020-08-19,109.28,78
2018,2021-11-17,34.87,195
2019,2021-11-08,129.71,132
2020,2021-03-08,77.34,303
2021,2020-03-16,116.77,366
2022,2020-10-03,52.6,361
2023,2021-05-02,102.27,100
2024,2020-02-11,86.17,138
2025,2021-05-31,3.19,482
2026,2021-05-22,139.11,340
2027,2021-12-19,124.31,71
2028,2021-06-08,61.57,395
2029,2020-07-29,37.46,36
2030,2021-11-06,118.01,275
2031,2021-06-29,115.13,103
2032,2020-07-29,71.25,232
2033,2020-09-02,75.66,462
2034,2021-09-23,110.71,439
2035,2021-11-25,66,375
2036,2020-03-14,11.31,271
2037,2020-09-12,146.51,206
2038,2020-04-23,26.1,115
2039,2021-01-25,8.78,227
2040,2021-05-29,135.73,125
2041,2020-03-25,111.98,63
2042,2020-03-10,131.45,490
2043,2021-06-18,8.1,315
2044,2020-02-04,17.48,89
2045,2020-10-12,33.81,129
2046,2020-04-25,119.94,94
2047,2021-11-07,90.81,169
2048,2020-05-25,137.92,260
2049,2021-10-25,3.34,222
2050,2021-07-22,150.85,409
2051,2021-09-12,10.85,359
2052,2020-09-22,66.75,325
2053,2021-11-14,124.16,234
2054,2020-10-06,66.96,295
2055,2021-04-08,95.21,443
2056,2021-05-17,8.05,412
2057,2021-04-13,94.32,268
2058,2020-11-26,67.38,299
2059,2021-12-30,140.58,303
2060,2021-06-23,9.79,200
2061,2021-07-18,19.21,67
2062,2020-02-01,37.19,200
2063,2020-05-21,118.15,450
2064,2021-01-21,70.62,408
2065,2020-08-06,42.51,150
2066,2021-12-17,60.59,324
2067,2021-11-05,65.03,388
2068,2020-07-25,26.73,342
2069,2020-08-06,35.08,277
2070,2021-02-07,84.47,258
2071,2021-03-15,2.31,106
2072,2021-02-09,62.11,412
2073,2020-02-02,120.84,288
2074,2021-06-13,92.79,58
2075,2020-05-20,54.37,308
2076,2021-11-06,131.57,361
2077,2020-02-28,29.3,98
2078,2020-10-28,91.54,388
2079,2020-04-01,150.63,13
2080,2021-12-29,45.64,464
2081,2021-10-25,19.25,95
2082,2021-09-27,14.74,299
2083,2020-02-20,144.28,208
2084,2021-01-11,143.67,69
2085,2020-10-03,38.6,443
2086,2021-01-19,3.03,493
2087,2020-03-20,74.53,320
2088,2020-06-11,22.14,122
2089,2020-05-07,11.63,315
2090,2021-05-19,2.74,439
2091,2021-08-24,39.45,334
2092,2020-10-01,70.5,270
2093,2021-04-25,39.86,317
2094,2020-05-02,88.12,138
2095,2021-03-18,77.72,498
2096,2020-08-28,92.73,137
2097,2021-06-12,87.01,477
2098,2020-10-09,58.53,153
2099,2021-05-09,11.72,162
2100,2020-10-02,73.22,110
2101,2020-04-30,94.26,402
2102,2020-03-26,48.51,205
2103,2020-02-21,52.47,430
2104,2020-11-12,49.87,275
2105,2020-07-10,150.06,352
2106,2020-04-08,73.44,251
2107,2020-05-01,127.18,449
2108,2020-09-03,18.77,150
2109,2021-01-03,106.21,275
2110,2020-09-09,50.22,436
2111,2021-11-09,62.71,314
2112,2021-02-17,34.84,454
2113,2020-09-03,62.43,464
2114,2020-02-24,57.02,180
2115,2021-09-09,82.5,262
2116,2021-09-03,8.76,419
2117,2021-10-26,50.14,377
2118,2020-10-21,59.17,431
2119,2020-10-06,33.69,489
2120,2020-08-14,126.44,58
2121,2021-06-27,120.02,301
2122,2021-08-21,110.93,296
2123,2020-08-02,140.66,171
2124,2021-07-20,147.79,337
2125,2020-07-30,40.91,417
2126,2020-06-27,86.86,251
2127,2021-09-08,96.6,455
2128,2021-06-18,113.77,360
2129,2021-08-05,28.18,23
2130,2020-10-03,112.57,140
2131,2020-05-19,68.25,444
2132,2021-06-06,108.45,40
2133,2020-02-03,19.09,96
2134,2021-11-15,103.67,446
2135,2021-01-04,101.71,464
2136,2020-06-29,134.05,146
2137,2021-04-25,5.56,56
2138,2021-02-09,83.72,66
2139,2020-11-01,127.05,146
2140,2021-10-24,98.36,235
2141,2021-04-09,42.86,96
2142,2021-02-12,146.72,421
2143,2020-06-01,36.74,161
2144,2021-03-29,102.88,246
2145,2020-03-19,86.55,127
2146,2021-06-20,119.69,231
2147,2020-10-22,148.3,243
2148,2020-04-21,46.62,355
2149,2021-01-18,76.93,437
2150,2020-09-15,32.78,190
2151,2020-03-08,135.41,436
2152,2021-09-29,108.58,293
2153,2020-11-25,83.17,374
2154,2021-07-08,129.17,36
2155,2021-02-09,40.24,377
2156,2020-04-01,113.88,415
2157,2021-05-22,77.67,426
2158,2020-11-13,133.97,197
2159,2021-01-26,104.75,207
2160,2021-06-07,5.35,175
2161,2021-11-13,96.89,345
2162,2021-12-05,140.61,269
2163,2021-04-12,70.64,137
2164,2020-07-14,105.29,76
2165,2021-10-13,43,38
2166,2021-03-14,106.2,493
2167,2020-09-13,101.72,30
2168,2020-06-06,54.66,251
2169,2020-03-16,15.78,257
2170,2020-10-10,80.56,304
2171,2021-02-01,109.57,259
2172,2021-01-26,115.06,72
2173,2020-09-20,90.32,207
2174,2020-08-24,137.92,201
2175,2020-12-05,74.15,39
2176,2021-01-04,118.17,44
2177,2020-03-27,134.86,82
2178,2021-03-14,125.03,347
2179,2020-03-15,4.13,325
2180,2020-05-21,116.97,247
2181,2020-12-30,121.51,109
2182,2020-03-23,3.25,320
2183,2020-06-09,54.46,327
2184,2021-10-15,91.16,238
2185,2020-10-27,87.92,102
2186,2020-12-13,51.11,330
2187,2021-08-17,14.68,151
2188,2021-04-15,73.69,124
2189,2021-07-22,94.61,181
2190,2020-07-03,24.94,29
2191,2020-02-02,125.2,36
2192,2021-05-31,128.69,432
2193,2021-01-05,53.1,209
2194,2021-06-04,144.53,211
2195,2020-04-15,49.01,168
2196,2021-11-24,25.38,492
2197,2020-11-24,87.52,195
2198,2020-11-24,55.27,307
2199,2021-06-05,30.12,25
2200,2021-07-17,128.16,234
2201,2021-02-09,131.27,377
2202,2021-02-04,118.72,12
2203,2021-04-03,118.25,255
2204,2020-10-10,129.79,181
2205,2021-01-10,38.57,375
2206,2021-12-30,87.8,276
2207,2021-01-05,20.43,119
2208,2021-01-13,38.91,396
2209,2020-10-27,122.35,329
2210,2021-11-18,56.03,109
2211,2021-02-14,62.23,62
2212,2021-09-02,63.07,270
2213,2020-05-07,73.13,151
2214,2021-02-02,2.16,329
2215,2020-11-15,75.82,72
2216,2020-10-16,69.35,330
2217,2021-07-26,40.02,52
2218,2021-05-01,52.42,366
2219,2020-08-22,122.02,43
2220,2021-08-09,115.63,140
2221,2021-03-08,31.19,264
2222,2021-05-03,88.95,210
2223,2020-07-06,21.95,481
2224,2020-09-03,2.01,445
2225,2020-12-23,32.63,451
2226,2020-10-09,22.17,358
2227,2020-05-04,131.4,481
2228,2020-04-09,120.17,376
2229,2021-06-21,86.03,69
2230,2020-12-17,24.87,348
2231,2020-03-17,7.96,47
2232,2021-05-02,103.21,401
2233,2020-09-14,116.4,53
2234,2020-07-16,133.71,47
2235,2020-11-05,133.94,477
2236,2021-02-26,85.09,162
2237,2020-10-31,45.87,19
2238,2020-03-20,84.43,361
2239,2020-08-22,4.88,173
2240,2021-11-30,143.41,467
2241,2021-12-08,138.51,287
2242,2020-03-07,86.82,385
2243,2020-12-31,74.87,442
2244,2021-06-18,88.66,450
2245,2020-05-15,127.42,406
2246,2020-11-17,93.25,298
2247,2020-06-30,79.51,22
2248,2020-12-18,113.5,337
2249,2021-01-27,36.66,492
2250,2020-12-20,65.4,470
2251,2021-04-24,38.42,289
2252,2020-06-14,107.29,270
2253,2021-01-11,107.79,92
2254,2021-12-21,16.21,262
2255,2020-04-25,30.27,306
2256,2021-08-10,72.64,332
2257,2021-08-20,34.98,461
2258,2020-04-11,110.91,483
2259,2020-02-23,126.38,151
2260,2021-02-23,53.14,233
2261,2021-01-25,32.85,76
2262,2020-09-28,74.44,251
2263,2020-02-16,56.91,159
2264,2020-12-07,105.32,92
2265,2020-04-30,146.82,397
2266,2021-12-18,6.19,270
2267,2020-05-11,77.4,46
2268,2021-12-25,133.91,330
2269,2021-08-17,66.29,364
2270,2020-10-01,22.76,102
2271,2020-11-24,8.92,112
2272,2021-01-23,40.19,445
2273,2020-07-28,79.91,344
2274,2020-06-19,68.38,48
2275,2021-05-19,77.37,65
2276,2020-05-09,111.87,331
2277,2021-10-04,44.41,238
2278,2020-02-13,50.15,118
2279,2021-06-14,42.16,295
2280,2021-07-04,119.16,296
2281,2021-12-10,56.5,226
2282,2020-12-31,93.68,365
2283,2021-11-27,117.01,274
2284,2020-08-30,141.32,152
2285,2020-06-13,80.87,143
2286,2021-07-12,130.8,35
2287,2020-03-19,90.13,111
2288,2021-02-11,140.58,483
2289,2020-07-26,109.66,294
2290,2020-09-06,119.44,25
2291,2021-04-17,81.79,132
2292,2020-09-17,5.63,220
2293,2020-12-24,26.56,46
2294,2021-07-21,21.55,130
2295,2021-03-07,27.97,266
2296,2021-09-20,70.07,181
2297,2021-07-29,112.71,387
2298,2020-11-12,113.49,361
2299,2020-11-14,55.36,380
2300,2020-09-28,96.19,475
2301,2021-03-12,133.55,225
2302,2021-06-30,149.38,400
2303,2020-10-26,40.49,152
2304,2021-09-19,127.13,69
2305,2021-11-15,129.17,30
2306,2020-11-11,138.15,332
2307,2020-08-24,33.95,454
2308,2021-12-20,16.33,270
2309,2020-02-14,40.25,98
2310,2021-09-12,35.96,355
2311,2020-11-12,57.74,214
2312,2021-07-17,145.89,71
2313,2020-09-19,48.28,38
2314,2021-10-18,36.97,52
2315,2021-07-17,62.33,117
2316,2021-12-18,111.68,76
2317,2021-06-17,143.86,297
2318,2020-11-07,21.79,99
2319,2021-02-05,41.4,51
2320,2021-08-03,149.53,146
2321,2021-07-17,38.74,405
2322,2020-04-29,117.1,2
2323,2020-12-07,25.92,123
2324,2021-06-07,137.87,500
2325,2020-04-13,122.26,347
2326,2020-11-15,83.34,500
2327,2021-06-23,131.28,129
2328,2021-07-19,116.21,192
2329,2021-10-04,93.52,387
2330,2021-03-13,10.24,266
2331,2021-01-22,7.2,352
2332,2020-04-30,117.97,254
2333,2021-08-30,147.05,412
2334,2021-03-10,44.96,377
2335,2021-01-25,98,103
2336,2020-12-08,92.01,279
2337,2021-09-11,36.41,314
2338,2020-02-13,74.42,297
2339,2020-03-23,106.15,482
2340,2021-06-07,28.31,355
2341,2021-10-05,100.44,210
2342,2020-10-10,145.41,239
2343,2020-04-05,33.3,384
2344,2020-10-20,81.78,36
2345,2021-11-04,113.73,279
2346,2021-04-16,133.71,309
2347,2021-02-06,114.9,383
2348,2020-04-01,53.87,441
2349,2020-10-10,42.39,303
2350,2021-03-23,26.66,269
2351,2021-10-01,117.28,194
2352,2020-05-10,68.55,149
2353,2020-05-26,115.55,6
2354,2020-11-05,58.74,43
2355,2020-02-14,105.89,58
2356,2021-07-26,6.74,221
2357,2021-12-17,36.15,137
2358,2020-02-27,148.23,333
2359,2021-05-21,127.45,496
2360,2021-03-13,99.83,50
2361,2020-05-07,11.7,285
2362,2020-05-18,60.62,256
2363,2020-05-05,118.02,54
2364,2021-08-02,118.9,198
2365,2021-12-09,6.95,265
2366,2020-07-14,70.56,451
2367,2020-12-28,132.17,284
2368,2021-03-31,40.01,496
2369,2021-08-10,43.81,25
2370,2021-06-25,39.54,433
2371,2021-10-23,54.88,424
2372,2021-11-19,124.53,448
2373,2020-06-19,71.19,384
2374,2020-02-13,122.38,275
2375,2021-08-02,82.83,385
2376,2020-11-11,79.33,383
2377,2020-07-06,74.44,67
2378,2020-08-17,56.51,327
2379,2020-12-09,118.82,418
2380,2021-09-18,49.2,324
2381,2020-06-15,21.19,379
2382,2021-02-21,13.65,247
2383,2020-12-08,141.49,495
2384,2021-12-13,49.19,234
2385,2021-05-29,28.53,55
2386,2021-06-21,12.79,54
2387,2020-12-31,16.59,226
2388,2020-08-25,139.31,124
2389,2020-11-22,36.09,240
2390,2021-05-31,59.47,229
2391,2020-12-03,48.47,359
2392,2021-11-10,103.08,450
2393,2020-08-14,8.15,259
2394,2021-03-05,138.29,125
2395,2020-10-30,38.26,201
2396,2020-03-21,95.92,354
2397,2021-12-17,123.75,307
2398,2021-08-12,54.95,49
2399,2021-04-03,115.45,63
2400,2020-08-30,137.39,25
2401,2021-12-23,83.32,400
2402,2020-03-22,138.82,381
2403,2021-08-10,125.73,143
2404,2021-02-20,27.3,352
2405,2020-04-10,116.08,457
2406,2021-11-10,71.16,487
2407,2021-09-04,2.89,93
2408,2021-06-12,96.95,59
2409,2020-06-09,84.93,115
2410,2021-10-27,95.58,457
2411,2021-11-26,122.79,313
2412,2020-03-15,26.14,179
2413,2021-06-20,62.66,425
2414,2020-05-22,139.31,392
2415,2020-12-04,69.34,399
2416,2021-05-18,89.72,25
2417,2020-08-25,47.29,363
2418,2021-11-17,13.84,498
2419,2021-04-18,122.53,14
2420,2020-07-07,126.6,275
2421,2020-11-26,81.63,143
2422,2021-10-28,126.94,223
2423,2020-04-10,107.61,339
2424,2020-05-10,60.56,356
2425,2020-05-26,70.27,172
2426,2020-09-03,95.96,6
2427,2021-11-14,20.32,157
2428,2021-07-29,49.86,43
2429,2020-08-19,79.41,29
2430,2021-02-08,80.51,438
2431,2020-12-05,89.83,17
2432,2021-04-02,123.16,82
2433,2021-04-17,128.87,259
2434,2021-06-01,66.16,281
2435,2020-03-19,1.14,392
2436,2021-02-10,103.7,109
2437,2021-03-24,38.94,351
2438,2021-09-10,78.45,275
2439,2021-08-15,24.37,127
2440,2020-06-01,28.11,325
2441,2021-10-05,80.31,185
2442,2021-10-19,4.72,96
2443,2021-01-17,149.56,489
2444,2021-01-01,90.88,167
2445,2021-03-14,129.18,372
2446,2020-03-10,148.48,117
2447,2020-06-06,136.1,67
2448,2020-03-31,108.06,117
2449,2021-09-01,16.6,329
2450,2020-03-15,91.82,310
2451,2020-07-16,125.6,273
2452,2020-03-11,79.68,419
2453,2020-02-14,119.44,127
2454,2021-05-18,85.28,208
2455,2020-03-29,6.57,196
2456,2021-07-11,74.76,119
2457,2020-03-31,84.23,81
2458,2021-11-10,109.23,309
2459,2020-09-16,115.48,77
2460,2021-05-24,28.02,251
2461,2021-11-02,107.38,292
2462,2020-03-07,111.9,179
2463,2021-04-19,63.03,230
2464,2021-10-08,86.7,448
2465,2020-10-19,68.15,296
2466,2021-10-06,97.67,245
2467,2021-04-11,121.43,245
2468,2020-12-16,76.17,412
2469,2021-12-27,102.39,264
2470,2021-08-20,64.2,411
2471,2021-12-13,74.5,418
2472,2021-03-06,143.09,437
2473,2020-05-06,104.9,170
2474,2020-09-02,80.1,188
2475,2020-02-13,113.63,407
2476,2021-10-07,29.82,101
2477,2020-10-17,127.93,149
2478,2020-12-26,8.47,405
2479,2021-02-12,14.84,230
2480,2020-07-21,105.28,296
2481,2020-12-27,75.18,303
2482,2021-06-27,127.3,428
2483,2021-04-27,18.7,314
2484,2020-11-02,41.43,462
2485,2020-12-02,28.64,11
2486,2020-12-07,146.48,483
2487,2021-02-16,148.83,456
2488,2021-05-11,125.19,229
2489,2021-04-13,54.57,386
2490,2021-12-31,7.44,293
2491,2021-08-11,119.89,189
2492,2020-08-25,117.43,138
2493,2020-11-25,62.33,364
2494,2020-12-15,92.3,217
2495,2020-12-07,137.13,200
2496,2020-03-20,90.53,244
2497,2021-06-16,107.28,10
2498,2021-04-17,125.87,455
2499,2021-04-03,49.52,152
2500,2021-10-04,142.4,155